"","Year","area","fleet","Eff","Units","OCat","OEff","OUnit","CPUE","CPse","Out","Pos","OCatS","OEffS","Cov","PFrac","EFrac","UFrac","Cat","Cse","ratioMean","ratioSE","deltaMean","deltaSE"
"1",1990,"N","1",5442.777,1445,71,248.057,71,0.253795530095851,0.0669680215810042,0,21,2.27407752098045,4.68494429442348,4.8812,0.295774647887324,0.0455754479744439,0.0491349480968858,1557.85632737637,368.385802762709,1557.85632737637,368.385802762709,1468.58274018821,441.812012638207
"2",1990,"N","2",27553.331,787,229,1514.269,48,0.167944726909631,0.0427082102091616,0,29,11.4282955735452,45.0463786381819,239.199446365248,0.604166666666667,0.0549577472139394,0.0609911054637865,4166.83746348898,1249.7662029702,4166.83746348898,1249.7662029702,4754.72228914249,1325.77314191006
"3",1990,"S","2",51579.501,887,571,2059.257,41,0.267790325951684,0.0386601588693818,0,35,14.0790451450062,31.2222738701974,206.215858536585,0.853658536585366,0.0399239418776075,0.0462232243517475,14302.1949523542,1973.8807288499,14302.1949523542,1973.8807288499,15264.0836893207,2937.90128593976
"4",1990,"S","3",5237.189,99,14,234.972,4,0.0664103564562776,0.0279996237535413,0,3,4.50924975282289,87.1962681999637,391.214,0.75,0.044866053144158,0.0404040404040404,312.039928161653,36.6932216745199,312.039928161653,36.6932216745199,347.052030421314,144.10014767401
"5",1991,"N","1",6007.066,1339,99,311.781,63,0.260920680815364,0.0715002891107126,0,23,3.84252221314664,5.96468800447965,13.1196359447005,0.365079365079365,0.0519023763015089,0.0470500373412995,1907.42711711105,472.562354677997,1907.42711711105,472.562354677997,1600.8898851453,446.85640720916
"6",1991,"N","2",27417.542,777,166,953.047,33,0.316529608968032,0.0829420063294435,0,20,7.89574588182162,24.647350959025,-3.40688162878788,0.606060606060606,0.0347604829054333,0.0424710424710425,4775.5377982408,1464.02124067429,4775.5377982408,1464.02124067429,10641.8586541412,4207.08182380059
"7",1991,"S","2",52730.184,958,766,2945.73,56,0.22409298446393,0.0275221598291009,0,43,16.9771045211508,50.7953520719464,655.24835974026,0.767857142857143,0.0558642086285912,0.058455114822547,13711.8204804921,1435.18100233208,13711.8204804921,1435.18100233208,13072.2501564378,2229.34308860071
"8",1991,"S","3",6975.006,150,12,164.715,4,0.123265011806154,0.0444238593755599,0,4,1.63299316185545,32.8110973643065,14.784,1,0.0236150334494336,0.0266666666666667,508.150878790638,208.494529140985,508.150878790638,208.494529140985,871.303832491449,355.938627853484
"9",1992,"N","1",6538.808,1482,86,323.417,69,0.222118188239266,0.0602063346925059,0,23,2.56907969961693,6.0825501656008,7.11480221653879,0.333333333333333,0.0494611556112368,0.0465587044534413,1738.73818630437,382.210874241428,1738.73818630437,382.210874241428,1559.55654330329,472.972637375469
"10",1992,"N","2",23599.488,678,219,1418.003,31,0.195579125861388,0.0546699567194112,0,24,14.0616155635853,66.3444350564958,879.675131182796,0.774193548387097,0.0600861764458619,0.0457227138643068,3644.76511826844,503.987051670254,3644.76511826844,503.987051670254,4372.31418334294,1037.13097071289
"11",1992,"S","2",45157.857,757,510,2156.895,36,0.228489204665835,0.0296937064746398,0,29,12.9713971050594,34.8826660312826,175.860671428571,0.805555555555556,0.04776344900512,0.047556142668428,10677.6208716697,1517.03192821549,10677.6208716697,1517.03192821549,11545.7173725837,2188.2751028073
"12",1992,"S","3",9531.108,231,186,407.274,12,0.392234385659398,0.0923017758102747,0,10,20.2596778220816,32.3297564046161,588.704090909091,0.833333333333333,0.0427310235074453,0.051948051948052,4352.80938139925,751.898703368486,4352.80938139925,751.898703368486,4231.51905355218,1476.57703927525
"13",1993,"N","1",6789.206,1210,104,361.616,64,0.268779510699289,0.0570780387834371,0,27,3.08349420429754,7.98006484239877,10.9533492063492,0.421875,0.0532633712984994,0.0528925619834711,1952.56134684306,425.527351699399,1952.56134684306,425.527351699399,1915.43855647704,449.222821816625
"14",1993,"N","2",30076.992,703,399,1875.415,33,0.185260081230993,0.047277097829684,0,27,18.0249196190365,69.20086502667,886.725991477273,0.818181818181818,0.0623538085191498,0.0469416785206259,6398.9675927728,1153.01802865078,6398.9675927728,1153.01802865078,5506.48688491513,1237.73158457897
"15",1993,"S","2",60713.785,953,586,3046.617,49,0.167362674761018,0.0243772997174063,0,39,16.6670323089143,64.6112117998881,906.105619047619,0.795918367346939,0.0501799879549595,0.0514165792235047,11677.9621494924,1242.7431404979,11677.9621494924,1242.7431404979,11206.3663636823,2189.47174248076
"16",1993,"S","3",14971.34,371,420,863.171,22,0.455633316894648,0.0724745106120799,0,22,36.1240048021219,42.2279416539709,1283.45956709957,1,0.0576548926148227,0.0592991913746631,7284.72434778277,1725.32663680114,7284.72434778277,1725.32663680114,7505.6703687401,1675.46916507952
"17",1994,"N","1",7486.75,1464,93,460.766,68,0.269271755027759,0.0717461625369566,0,25,3.00201132459161,11.1575396594793,11.8181751536435,0.367647058823529,0.0615441947440478,0.046448087431694,1511.10921812807,399.284666917168,1511.10921812807,399.284666917168,2535.91184291618,958.100542079297
"18",1994,"N","2",31433.13,704,231,1640.211,44,0.180142526832914,0.0347203929722145,0,32,7.31397197468733,35.5259308514209,206.906703488372,0.727272727272727,0.0521809632066549,0.0625,4426.90180104877,553.844341756465,4426.90180104877,553.844341756465,5856.46947343388,1199.79391310909
"19",1994,"S","2",59913.56,1016,816,3833.964,60,0.173146472146718,0.024091991993072,0,44,19.5493291748449,64.6619505452153,1013.94819661017,0.733333333333333,0.0639915905514545,0.0590551181102362,12751.6755399894,1389.16344063371,12751.6755399894,1389.16344063371,11101.135331361,1880.07521853231
"20",1994,"S","3",6536.502,190,251,471.961,9,0.382333323452278,0.098572034253475,0,7,33.8764093597759,62.5136974579261,1921.63226388889,0.777777777777778,0.0722039096752361,0.0473684210526316,3476.2660516441,586.248498871498,3476.2660516441,586.248498871498,2494.5389497848,640.807277240113
"21",1995,"N","1",8713.049,1463,93,501.49,79,0.240283989483154,0.0545759313859751,0,35,2.5658481562228,9.38487593319177,8.34078659526128,0.443037974683544,0.0575562010497129,0.0539986329460014,1615.81199425711,383.493812822564,1615.81199425711,383.493812822564,2114.87065301022,469.795682786856
"22",1995,"N","2",38052.227,810,405,2351.026,40,0.177162464234481,0.0308723409068005,0,31,12.7363551925087,69.8612702533587,715.994352564103,0.775,0.0617841893984286,0.0493827160493827,6555.07507573289,775.446916186343,6555.07507573289,775.446916186343,6855.90320476169,1293.66487338549
"23",1995,"S","2",53859.608,917,444,3099.652,46,0.139545569749182,0.0187726898019465,0,38,11.4041267215071,45.292327753745,288.887196135266,0.826086956521739,0.0575505859604474,0.0501635768811341,7714.95185653099,1085.88179231417,7714.95185653099,1085.88179231417,8298.61075130309,1520.46416703954
"24",1995,"S","3",8869.043,281,42,306.261,9,0.169552589060767,0.0507478049402398,0,8,3,27.75681582963,49.692,0.888888888888889,0.0345314595949078,0.0320284697508897,1216.28221027163,268.399009058976,1216.28221027163,268.399009058976,1569.69383816402,536.304510110866
"25",1996,"N","1",8925.772,1647,86,401.182,80,0.287414008164667,0.0742281946032296,0,30,2.32637600496044,9.0225023992056,7.33382721518987,0.375,0.0449464763384052,0.0485731633272617,1913.38692164653,475.799236512691,1913.38692164653,475.799236512691,2773.81376099273,761.303656867838
"26",1996,"N","2",52844.664,1070,550,2555.064,49,0.188277965492079,0.0249230056956514,0,43,21.2634911155663,42.0569078052519,738.314754251701,0.877551020408163,0.0483504635397057,0.0457943925233645,11375.2787405717,2079.61968785631,11375.2787405717,2079.61968785631,10678.3879600153,1894.45677643987
"27",1996,"N","3",716.07,16,17,56.745,2,0.279500839707685,0.0533204608555507,0,2,6.36396103067893,15.1144074478625,96.1875,1,0.0792450458754032,0.125,214.524451493524,30.6475310599955,214.524451493524,30.6475310599955,200.142166289482,38.1811824048343
"28",1996,"S","2",54053.927,1030,411,2935.72,53,0.133859041066163,0.0215330300730513,0,35,10.0535215039258,42.0782677849884,259.81088969521,0.660377358490566,0.0543109476578825,0.0514563106796116,7567.53505000477,1036.45776572985,7567.53505000477,1036.45776572985,7384.29959229241,1216.23420595767
"29",1996,"S","3",5396.442,256,68,259.074,11,0.311117083121355,0.0966873837033161,0,9,7.0259260146714,19.5412684584097,54.6580636363636,0.818181818181818,0.0480082988013213,0.04296875,1416.42177910558,463.224913882901,1416.42177910558,463.224913882901,1858.96174396142,791.802167247015
"30",1997,"N","1",8358.292,1529,65,383.079,75,0.183137654752342,0.041208487236796,0,24,1.76553592914931,9.52084575019042,3.78989459459459,0.32,0.045832210695678,0.0490516677567037,1418.21655585401,388.29951959737,1418.21655585401,388.29951959737,1541.47642117316,367.598268122282
"31",1997,"N","2",47615.581,914,411,2282.069,38,0.164871656737797,0.0281064234733388,0,36,16.9432363339474,45.2728103872735,565.721138691323,0.947368421052632,0.0479269380331619,0.0415754923413567,8575.55305777345,1541.06650999739,8575.55305777345,1541.06650999739,8054.13040182737,1532.69887311599
"32",1997,"N","3",618.744,23,21,72.905,3,0.30428971690403,0.0289940582060286,0,3,5.56776436283002,18.7758464079075,102.1825,1,0.11782740519504,0.130434782608696,178.226788286126,16.121990315755,178.226788286126,16.121990315755,188.318779975374,18.5773978686393
"33",1997,"S","2",41510.127,866,266,1547.612,36,0.182369702386656,0.0263675597297661,0,32,9.74321090453033,20.292200389187,92.4377396825397,0.888888888888889,0.0372827575304696,0.0415704387990762,7134.66539546088,1367.33503511735,7134.66539546088,1367.33503511735,8455.3401306239,1793.90861888911
"34",1997,"S","3",4542.432,210,123,371.838,13,0.369293290037969,0.122171532875346,0,10,18.0675371159408,50.1248615467108,845.054038461538,0.769230769230769,0.0818587928228755,0.0619047619047619,1502.58751391735,277.420702522258,1502.58751391735,277.420702522258,1874.17153769719,779.822273113205
"35",1998,"N","1",7102.893,1375,44,415.815,64,0.192850250156806,0.049127026221108,0,20,1.70782512765993,10.5028992854614,4.31459027777778,0.3125,0.0585416393010566,0.0465454545454545,751.601774827748,240.138487080433,751.601774827748,240.138487080433,1496.30204501721,480.70165612366
"36",1998,"N","2",51741.756,1007,353,1976.17,40,0.183678404819637,0.0302952943891793,0,34,11.035810009424,32.7800057170174,232.569788461538,0.85,0.0381929442054499,0.0397219463753724,9242.54485595875,1386.34564322945,9242.54485595875,1386.34564322945,10007.0382988482,1926.85510748563
"37",1998,"N","3",1048.56,32,5,43.46,1,0.115048320294524,NA,0,1,NA,NA,NA,1,0.0414473182269017,0.03125,120.635066728026,NA,120.635066728026,0,120.635066728026,0
"38",1998,"S","2",39242.49,794,106,1510.481,42,0.0512404416239457,0.0146138231631491,0,19,5.90674725905435,18.6553397442004,50.9902357723577,0.452380952380952,0.038490957123261,0.052896725440806,2753.89358753933,889.17002608307,2753.89358753933,889.17002608307,1992.24296697732,559.963314286751
"39",1998,"S","3",13791.021,450,322,711.189,19,0.383547638390347,0.0633264565685481,0,15,27.1159520172383,38.6005193286884,987.21,0.789473684210526,0.0515689882569246,0.0422222222222222,6244.06277656151,1002.17235539689,6244.06277656151,1002.17235539689,6032.41581768705,1558.33772065802
"40",1999,"N","1",6712.567,1304,42,325.132,73,0.13878409043247,0.0366279074499383,0,19,1.31146449330487,5.38803975722327,2.20876046423135,0.26027397260274,0.0484363135593283,0.0559815950920245,867.118013606781,219.063992078769,867.118013606781,219.063992078769,967.910072671133,277.74425551859
"41",1999,"N","2",40534.404,840,466,2078.33,44,0.24939617099555,0.0566825484545793,0,37,25.1574744377206,43.9931904312388,366.038463002114,0.840909090909091,0.0512732344602871,0.0523809523809524,9088.56257860879,2996.27224162406,9088.56257860879,2996.27224162406,10178.153805858,2424.1918295949
"42",1999,"N","3",2462.13,77,6,30.343,4,0.139311966389183,0.0911053693471914,0,2,1.73205080756888,6.89895269225699,9.9125,0.5,0.0123238821670667,0.051948051948052,486.859572224236,153.270060737315,486.859572224236,153.270060737315,343.004171805799,224.3132630308
"43",1999,"S","2",35075.739,730,161,1409.69,34,0.118721478515231,0.0306917214873243,0,21,7.55308014043563,27.1963016539129,105.644825311943,0.617647058823529,0.0401898873748604,0.0465753424657534,4005.98286077081,924.260586421821,4005.98286077081,924.260586421821,4111.4763156935,1101.26846530108
"44",1999,"S","3",12223.071,441,357,752.019,29,0.397382250897032,0.0540096610643064,0,23,18.2093058004414,30.8161929489113,541.25038546798,0.793103448275862,0.0615245546720624,0.0657596371882086,5802.56130097777,476.355485724071,5802.56130097777,476.355485724071,5007.38700867676,802.369569859397
"45",2000,"N","1",6535.102,1155,68,387.026,47,0.206307042277373,0.0523602734667224,0,19,4.73106528420442,12.0314144668096,26.4202497687327,0.404255319148936,0.0592226410544166,0.0406926406926407,1148.20951563978,475.22117330558,1148.20951563978,475.22117330558,1536.80489698469,521.372284398059
"46",2000,"N","2",46421.112,886,430,2033.727,39,0.29509934950947,0.0615067660721042,0,32,18.5280543749304,48.6469177595254,281.41963562753,0.82051282051282,0.0438103895486174,0.0440180586907449,9815.02343234859,2532.14919117655,9815.02343234859,2532.14919117655,13725.9989609347,3021.66413493781
"47",2000,"N","3",3446.658,106,35,182.93,6,0.169287621811782,0.0465838024592376,0,5,5.15428624221304,16.5752292372283,67.6582666666667,0.833333333333333,0.0530746015415513,0.0566037735849057,659.449133548352,146.864077147456,659.449133548352,146.864077147456,592.502203962409,183.004976201422
"48",2000,"S","1",51.399,13,0,8.1,1,0,NA,0,0,NA,NA,NA,0,0.157590614603397,0.0769230769230769,0,NA,0,0,0,0
"49",2000,"S","2",35464.617,727,178,1849.438,42,0.0821003109633296,0.0153078229800038,0,27,7.53790267721707,17.5179463781512,81.7081858304297,0.642857142857143,0.0521488220216787,0.0577716643741403,3413.30816496687,799.579029390869,3413.30816496687,799.579029390869,2988.58089630758,617.411315654612
"50",2000,"S","3",11967.595,391,55,381.492,13,0.138114101534841,0.0447161263005883,0,7,6.49556061416624,43.9127890741323,191.479115384615,0.538461538461538,0.0318770814019024,0.0332480818414322,1725.37753085255,578.53344563382,1725.37753085255,578.53344563382,1676.05015354386,574.76666490105
"51",2001,"N","1",6701.415,1023,38,376.851,53,0.126730071620185,0.0331046644823754,0,20,1.34989114220036,8.21261739487484,3.38603737300435,0.377358490566038,0.0562345415110092,0.0518084066471163,675.741261135037,170.305896321082,675.741261135037,170.305896321082,891.065820472326,253.939199852957
"52",2001,"N","2",43051.99,845,401,1898.156,35,0.234899405318661,0.0351183452589162,0,29,12.9781328692963,42.3198572897945,295.014339495798,0.828571428571429,0.0440898550798697,0.0414201183431953,9095.0627819842,1461.23413419989,9095.0627819842,1461.23413419989,10736.8604172604,1971.99150815012
"53",2001,"N","3",1376.891,60,9,54.067,3,0.108949831342335,0.0549933956051165,0,2,3.60555127546399,19.7114213169252,71.0305,0.666666666666667,0.0392674510908997,0.05,229.197458708639,14.8030688126893,229.197458708639,14.8030688126893,150.012042226779,75.7199114681244
"54",2001,"S","1",110.198,19,1,18.15,2,0.37037037037037,0.37037037037037,0,1,0.707106781186548,10.9247997693322,-7.725,0.5,0.164703533639449,0.105263157894737,6.07151515151515,10.6318145190969,6.07151515151515,10.6318145190969,40.8140740740741,40.8140740740741
"55",2001,"S","2",23189.889,468,178,1738.738,24,0.136981612960522,0.0342638377098857,0,20,10.7214399854832,55.8266241095681,221.866166666667,0.833333333333333,0.0749782804048782,0.0512820512820513,2374.02083695186,643.330567744089,2374.02083695186,643.330567744089,3223.31073922031,880.363027126937
"56",2001,"S","3",16394.109,524,287,918,25,0.402556977649446,0.0674198280619106,0,23,10.0129915609672,32.2391601627586,173.093958333333,0.92,0.055995723829822,0.0477099236641221,5125.39137581699,843.100460113823,5125.39137581699,843.100460113823,7085.23550732166,1582.214662014
"57",2002,"N","1",6151.136,919,31,310.138,51,0.131940256652322,0.0364732344120922,0,17,1.51100537884614,8.57005343511838,5.75115490196078,0.333333333333333,0.0504196298049661,0.0554951033732318,614.839897078075,188.098620433434,614.839897078075,188.098620433434,843.895945594243,257.805213758794
"58",2002,"N","2",35740.366,629,503,2317.089,40,0.221525971882858,0.0300541412573618,0,37,15.2767420006311,49.7920047698359,594.431995512821,0.925,0.0648311491829714,0.0635930047694754,7758.61613343294,906.11191550713,7758.61613343294,906.11191550713,7917.84205857558,1015.02060611183
"59",2002,"N","3",1358.035,80,5,21.84,3,0.301801013344455,0.144438208050593,0,3,0.577350269189626,3.44551186327953,-0.572,1,0.0160820597407283,0.0375,310.905448717949,116.585863856749,310.905448717949,116.585863856749,403.139048734575,175.549318695391
"60",2002,"S","1",60.102,17,NA,0,0,NA,NA,NA,NA,NA,NA,NA,NA,0,0,NA,NA,0,0,0,0
"61",2002,"S","2",20533.333,414,101,1132.356,22,0.0993013258197166,0.0285048877169884,0,15,10.0411491037966,43.7229372757288,348.840692640693,0.681818181818182,0.0551472086874547,0.0531400966183575,1831.46168960998,607.069445476988,1831.46168960998,607.069445476988,2215.7412801002,828.190526210556
"62",2002,"S","3",8646.051,415,103,453.763,20,0.198455042757632,0.0448090800867309,0,14,5.88731911108863,24.3589531260555,101.288397368421,0.7,0.0524821100407573,0.0481927710843374,1962.57353067571,364.749979051592,1962.57353067571,364.749979051592,1747.56314210445,424.032153364289
"63",2003,"N","1",6195.748,899,26,240.244,40,0.0761548810371336,0.0261598825895937,0,12,1.18862126550912,9.70452870703369,5.20390769230769,0.3,0.0387756248317394,0.0444938820912125,670.524333594179,187.938474578274,670.524333594179,187.938474578274,518.343915299385,205.524828749194
"64",2003,"N","2",36742.343,700,408,2102.88,35,0.193041358699602,0.0310178063201673,0,29,18.5820008691885,67.0092749539729,845.385777310924,0.828571428571429,0.0572331492305757,0.05,7128.73580232824,1375.07898962581,7128.73580232824,1375.07898962581,7870.32572877817,1751.20611845782
"65",2003,"N","3",1161.531,65,3,31.584,4,0.0625,0.0398927961565141,0,2,0.957427107756338,4.96740093006393,4.104,0.5,0.0271916978539531,0.0615384615384615,110.327792553191,42.7310500053435,110.327792553191,42.7310500053435,72.5956875,46.336719412472
"66",2003,"S","1",48.48,9,0,6.48,1,0,NA,0,0,NA,NA,NA,0,0.133663366336634,0.111111111111111,0,NA,0,0,0,0
"67",2003,"S","2",41316.3,850,108,1949.031,41,0.0601930970446044,0.0153741977050656,0,25,4.15786061310968,30.5401933119371,42.7920280487805,0.609756097560976,0.0471734158189383,0.0482352941176471,2289.42505275699,519.817117218613,2289.42505275699,519.817117218613,2404.59577540128,636.886974082215
"68",2003,"S","3",3457.218,254,34,125.676,13,0.209307392326361,0.0678958150339396,0,8,3.75363072101447,9.07616402579178,29.4895769230769,0.615384615384615,0.0363517718581819,0.0511811023622047,935.305165664089,197.121769546323,935.305165664089,197.121769546323,728.503448602796,239.355230082678
"69",2004,"N","1",6470.181,935,24,347.879,53,0.0801845838884699,0.0332856363042442,0,18,0.722336958868948,6.96830690424555,2.74865166908563,0.339622641509434,0.0537665020499427,0.0566844919786096,446.374584266368,80.3846002362964,446.374584266368,80.3846002362964,455.881645757055,142.198696828944
"70",2004,"N","2",49337.225,941,673,2918.991,49,0.227950938750015,0.0345944209053066,0,41,18.691325428083,52.238523875477,595.127920493197,0.836734693877551,0.059164069320883,0.0520722635494155,11375.1472426602,1708.59775167625,11375.1472426602,1708.59775167625,12911.8123027091,2914.77428063226
"71",2004,"N","3",2756.895,121,5,20.109,5,0.218387530804458,0.14890133359981,0,2,1.4142135623731,1.59386078438488,0.91125,0.4,0.00729407540004244,0.0413223140495868,685.487841265105,391.808133897342,685.487841265105,391.808133897342,602.071491737157,410.505342094649
"72",2004,"S","1",16,5,NA,0,0,NA,NA,NA,NA,NA,NA,NA,NA,0,0,NA,NA,0,0,0,0
"73",2004,"S","2",33784.344,662,201,2148.001,36,0.088846348727243,0.0127010455315657,0,30,7.38096006143994,39.9498704133921,243.336983333333,0.833333333333333,0.0635797752947342,0.054380664652568,3161.38267347175,439.269285880019,3161.38267347175,439.269285880019,3072.09858339033,512.780489937512
"74",2004,"S","3",6079.483,248,62,368.514,13,0.18622785514452,0.0582832959930807,0,9,4.88456490989467,19.3591545190462,24.1978076923077,0.692307692307692,0.0606160096179231,0.0524193548387097,1022.83209321763,297.082728727879,1022.83209321763,297.082728727879,1150.40089146949,390.322954473354
"75",2005,"N","1",5319.083,825,7,291.849,39,0.0496132844955101,0.0264977424158593,0,6,0.451418516969439,11.4433392972181,1.95352226720648,0.153846153846154,0.0548682921473495,0.0472727272727273,127.578237376177,47.8356202248701,127.578237376177,47.8356202248701,272.650327219644,159.682266569405
"76",2005,"N","2",50351.474,992,436,3157.802,51,0.125803843432076,0.0190609865373808,0,39,11.6091579806465,50.069092945445,368.897015686275,0.764705882352941,0.0627151848623141,0.0514112903225806,6952.06433588933,996.26707449726,6952.06433588933,996.26707449726,6839.2066766675,1377.92711427407
"77",2005,"N","3",5000.626,147,18,80.337,3,0.153640281467552,0.10636105290197,0,2,7.21110255092798,21.1133768734421,110.463,0.666666666666667,0.0160653886133456,0.0204081632653061,1120.42107621644,532.236594290698,1120.42107621644,532.236594290698,768.29758615396,531.871846528965
"78",2005,"S","2",20242.214,397,64,623.45,13,0.0889487193732288,0.0274219789389184,0,8,7.27394366284593,40.4638343037842,245.246641025641,0.615384615384615,0.0307994965372859,0.0327455919395466,2077.95604459058,512.474857779432,2077.95604459058,512.474857779432,1862.51003619757,654.142790270423
"79",2005,"S","3",7217.271,374,81,491.998,25,0.183730864831449,0.0555832660306041,0,14,5.50212080322973,30.3542257490891,142.359686666667,0.56,0.0681695338861462,0.0668449197860963,1188.21408013854,205.01115290237,1188.21408013854,205.01115290237,1325.14127986142,397.699599195419
"80",2006,"N","1",5160.586,825,10,298.967,42,0.0562908017460299,0.0317214762743206,0,7,0.617213399848368,8.76328957629642,1.67969221835075,0.166666666666667,0.0579327618995207,0.0509090909090909,172.613900530828,64.8881395497909,172.613900530828,64.8881395497909,282.195422616449,154.425115267293
"81",2006,"N","2",39685.263,773,197,1900.759,40,0.0992260937352626,0.0193548440974414,0,30,7.29027276054037,29.9783142779589,117.805895512821,0.75,0.0478958398234629,0.0517464424320828,4113.09209163287,796.635880039946,4113.09209163287,796.635880039946,3916.18733552336,785.239147879055
"82",2006,"N","3",1876.175,61,12,163.1,5,0.0306565882556263,0.0187732633475264,0,2,3.91152144312159,49.9926734632186,195.495,0.4,0.0869321891614588,0.0819672131147541,138.038626609442,6.14444997058998,138.038626609442,6.14444997058998,57.5171244704997,35.2219273610454
"83",2006,"S","2",29604.639,622,117,1814.484,34,0.0674113327989546,0.0169314555612536,0,20,6.05625735247682,37.9713667078877,103.711162210339,0.588235294117647,0.0612905295011366,0.0546623794212219,1908.94092370062,500.680337788298,1908.94092370062,500.680337788298,2110.82801546647,649.753205130347
"84",2006,"S","3",7069.262,310,63,457.39,22,0.13062968676928,0.0430100000147065,0,11,4.90185052078687,40.9005140027398,182.405303030303,0.5,0.0647012375549244,0.0709677419354839,973.706259428496,164.118595802622,973.706259428496,164.118595802622,922.769342858255,314.856165167245
"85",2007,"N","1",5409,710,6,368.697,47,0.0242628473469513,0.0141650521229186,0,6,0.337318149178239,9.63781575821354,0.417049953746531,0.127659574468085,0.0681636161952302,0.0661971830985915,88.0234989706995,34.3357693052404,88.0234989706995,34.3357693052404,122.464945541698,64.3445521998807
"86",2007,"N","2",32014.912,680,96,1889.964,38,0.0486808272403408,0.0160685874717606,0,23,4.88647798939328,35.1255286264266,41.9023271692745,0.605263157894737,0.059033865218808,0.0558823529411765,1626.18523527432,484.518932169387,1626.18523527432,484.518932169387,1424.32620345041,342.612544096237
"87",2007,"N","3",931.387,42,16,262.23,5,0.0519376119414316,0.0167483600580513,0,4,2.28035085019828,37.1720483966111,60.724,0.8,0.281547842089271,0.119047619047619,56.828707623079,12.7683002475445,56.828707623079,12.7683002475445,48.3957984067451,15.7469895549146
"88",2007,"S","2",37206.744,738,57,1675.217,33,0.029775281273082,0.00637105642368951,0,20,2.30858083127827,29.9749702169589,46.8237301136364,0.606060606060606,0.0450245525381098,0.0447154471544715,1265.97593505797,222.493550593787,1265.97593505797,222.493550593787,1096.77399019902,234.026509579321
"89",2007,"S","3",2623.316,246,28,121.316,12,0.169349927671288,0.0741659083698836,0,5,5.95945899517326,19.0231755848842,110.896848484848,0.416666666666667,0.046245286499987,0.0487804878048781,605.467110686142,138.654286458614,605.467110686142,138.654286458614,447.903229158535,200.087992842266
"90",2008,"N","1",5990.013,815,11,272.855,44,0.0322299577611891,0.011591819614681,0,8,0.575669478813329,6.30157766190894,1.29316860465116,0.181818181818182,0.0455516540615187,0.0539877300613497,241.484095948397,76.4917182833192,241.484095948397,76.4917182833192,194.297229407111,71.2838177850298
"91",2008,"N","2",36041.578,726,182,1772.514,43,0.0972180771557488,0.0208171664465836,0,31,7.35118134109305,29.4800952670918,71.3782248062016,0.720930232558139,0.0491797001784994,0.059228650137741,3700.71389901575,901.073217336448,3700.71389901575,901.073217336448,3482.21159987148,753.576553464795
"92",2008,"N","3",725.754,31,0,1.152,1,0,NA,0,0,NA,NA,NA,0,0.00158731470994304,0.032258064516129,0,NA,0,0,0,0
"93",2008,"S","2",40631.046,766,59,1798.218,35,0.0331651371545644,0.00692398402602151,0,20,1.92157148573503,33.323768964459,21.5695949579832,0.571428571428571,0.0442572411254192,0.0456919060052219,1333.11518069556,243.339794304264,1333.11518069556,243.339794304264,1403.53199647505,327.407463388251
"94",2008,"S","3",2911.574,154,32,103.548,7,0.340093149743606,0.136449170172327,0,5,8.22308017831807,16.7213001772903,98.1469523809524,0.714285714285714,0.03556426867392,0.0454545454545455,899.779503225557,421.687692937504,899.779503225557,421.687692937504,1103.69300420672,583.096179845421
"95",2009,"N","1",6287.488,764,18,441.44,49,0.0501902671393422,0.0208477034213002,0,11,0.834013328006524,12.645495896909,4.02765348639456,0.224489795918367,0.0702092791270536,0.0641361256544503,256.376368249366,76.7376371097879,256.376368249366,76.7376371097879,301.182762356706,122.195597210142
"96",2009,"N","2",32196.589,675,174,1696.942,35,0.11845518807456,0.0317240430409518,0,31,8.41037774309291,27.8473614992018,50.2354134453781,0.885714285714286,0.0527056453091972,0.0518518518518519,3301.35413349425,905.173531241402,3301.35413349425,905.173531241402,3414.42290789948,673.034977009946
"97",2009,"N","3",1171.197,43,14,190.432,2,0.0726843198868889,0.0175575282661612,0,2,2.82842712474619,6.38658844767689,18.064,1,0.162596044901071,0.0465116279069767,86.1029553856495,20.0342448711931,86.1029553856495,20.0342448711931,85.1276573985646,20.5633244327432
"98",2009,"S","2",29263.595,570,82,1072.012,26,0.0770107908183948,0.0166609649086882,0,17,3.69531928463355,17.9479472170111,27.0814030769231,0.653846153846154,0.0366329564088076,0.0456140350877193,2238.42157550475,459.06569199849,2238.42157550475,459.06569199849,2279.20855140325,524.994008632836
"99",2009,"S","3",2000.891,161,34,170.536,9,0.122777237640432,0.0636943020020691,0,4,5.71790559946948,24.3304163708264,110.845111111111,0.444444444444444,0.0852300300216254,0.0559006211180124,398.920427358446,118.603210139468,398.920427358446,118.603210139468,253.991864217076,143.748553205779
"100",2010,"N","1",5458.645,740,8,325.309,44,0.0252368580117632,0.0168558766037477,0,4,0.785707421512533,13.1905726257842,8.25678858350951,0.0909090909090909,0.0595951925798435,0.0594594594594595,134.239015828028,60.7242422660833,134.239015828028,60.7242422660833,140.28901561172,99.0839564398038
"101",2010,"N","2",32609.685,692,192,1244.862,27,0.106058532220683,0.0221694861004688,0,20,16.9509095134548,33.6364559232527,488.083,0.740740740740741,0.0381746097823392,0.0390173410404624,5029.52095894967,1707.16497120964,5029.52095894967,1707.16497120964,3464.7518075385,736.787577600161
"102",2010,"N","3",808.622,31,6,82.31,3,0.0843955029559878,0.0257366401502438,0,3,1.73205080756888,22.6330385351444,36.95,1,0.101790453388604,0.0967741935483871,58.9446239825052,9.36019085909651,58.9446239825052,9.36019085909651,68.2567508775568,20.8710840085281
"103",2010,"S","2",31605.508,599,50,1604.582,30,0.0437777004792771,0.0140233320554803,0,13,2.39731650742692,50.8213810163517,33.2329885057471,0.433333333333333,0.050769062152078,0.0500834724540902,984.851755784373,261.477946776876,984.851755784373,261.477946776876,1363.47773464211,406.554140361035
"104",2010,"S","3",1830.769,94,5,143.838,3,0.0543812509683764,0.0404944634030343,0,2,2.08166599946613,75.5862947100862,154.179,0.666666666666667,0.0785669846933174,0.0319148936170213,63.6399630139463,15.6121788444383,63.6399630139463,15.6121788444383,99.5595084541234,74.1360082699097
"105",2011,"N","1",5577.491,786,13,282.787,43,0.021426850248924,0.00980553030327944,0,5,1.26368478063408,6.68028439051856,4.81567275747508,0.116279069767442,0.0507014713246512,0.0547073791348601,256.402815546684,140.501770814199,256.402815546684,140.501770814199,122.480150697313,59.3709820786261
"106",2011,"N","2",24636.973,476,88,991.121,21,0.0968298970793885,0.0174616413909521,0,18,3.60026454054487,27.083903422337,69.1741523809524,0.857142857142857,0.0402290086529705,0.0441176470588235,2187.47622540537,283.087258795075,2187.47622540537,283.087258795075,2351.9633003821,392.80879582076
"107",2011,"N","3",1802.442,81,6,42.992,2,0.0756048387096774,0.0756048387096774,0,1,4.24264068711928,25.7160594181924,109.104,0.5,0.0238520851156376,0.0246913580246914,251.550334946036,38.2761819896149,251.550334946036,38.2761819896149,136.273336693548,136.273336693548
"108",2011,"S","2",29634.618,620,103,2005.375,32,0.0656493578998623,0.0197497637124821,0,19,6.47941840779138,65.6289834627494,243.301071572581,0.59375,0.0676700134957029,0.0516129032258065,1522.09220420121,433.478464648263,1522.09220420121,433.478464648263,2057.85272367727,715.701873459197
"109",2011,"S","3",3228.031,110,29,158.199,5,0.185468465384009,0.0492113158574574,0,5,6.68580586017871,27.525978424027,159.9972,1,0.0490078936664487,0.0454545454545455,591.741407973502,151.181043422904,591.741407973502,151.181043422904,594.540292602512,151.121847229072
"110",2012,"N","1",7132.89,909,13,486.03,50,0.019911547150934,0.00935522862312516,0,7,0.750781905341195,16.1939681085903,5.56931020408163,0.14,0.0681392815534797,0.055005500550055,190.78569224122,67.9240709111734,190.78569224122,67.9240709111734,151.050454569302,82.015835559247
"111",2012,"N","2",24951.347,472,82,997.896,23,0.0838081749536762,0.01774977193412,0,18,2.90495011624393,22.5298346904247,30.4035375494071,0.782608695652174,0.0399936724858983,0.048728813559322,2050.32433640379,306.5403285574,2050.32433640379,306.5403285574,2076.81798539859,438.047200411266
"112",2012,"N","3",728.03,36,0,6.501,2,0,0,0,0,0,2.7598377669711,0,0,0.00892957707786767,0.0555555555555556,0,0,0,0,0,0
"113",2012,"S","2",30819.534,607,45,1858.804,32,0.0291898420109574,0.00552867047810121,0,22,1.38795219309693,48.6495468385552,14.2664798387097,0.6875,0.060312527762425,0.0527182866556837,746.113646194004,147.838587666625,746.113646194004,147.838587666625,902.129083360174,175.08266918616
"114",2012,"S","3",4177.449,188,13,194.538,11,0.11756690852155,0.0951614007845378,0,5,1.94000937204859,24.5392198127443,27.2279454545455,0.454545454545455,0.0465686116096211,0.0585106382978723,279.157989698671,115.917151726,279.157989698671,115.917151726,373.361776746718,243.129628399616
"115",2013,"N","1",6817.907,867,10,488.086,56,0.0082783136666099,0.00342085060910272,0,6,0.635528208576224,11.4920489432036,5.05090519480519,0.107142857142857,0.0715888321738622,0.0645905420991926,139.686592116963,50.7884174875118,139.686592116963,50.7884174875118,56.6474606901081,23.6341687765699
"116",2013,"N","2",19872.651,368,81,794.484,16,0.0940957958535276,0.0257865088496595,0,12,8.83529852353615,46.8014911436235,349.723116666667,0.75,0.0399787627730191,0.0434782608695652,2026.07570574108,531.65897123307,2026.07570574108,531.65897123307,1847.4009013114,502.037539706371
"117",2013,"S","2",27355.804,552,14,1082.818,28,0.011693240411204,0.00406441931315807,0,8,0.922958206990897,17.3636171643971,3.20848148148148,0.285714285714286,0.039582751799216,0.0507246376811594,353.689406714702,117.892618098281,353.689406714702,117.892618098281,320.856802004764,113.210298020827
"118",2013,"S","3",4180.789,201,16,247.952,14,0.0545802545106577,0.0248327400690067,0,7,1.35062053300541,19.1886954775948,19.5655604395604,0.5,0.0593074656482305,0.0696517412935323,269.780538168678,55.5154799014791,269.780538168678,55.5154799014791,217.284681583581,86.821432220829
"119",2014,"N","1",6461.883,862,4,327.403,36,0.00726950116280156,0.00350519545369531,0,4,0.318727629155838,9.42730480037674,0.733253968253968,0.111111111111111,0.0506668102780567,0.0417633410672854,78.9471446504766,36.09166582907,78.9471446504766,36.09166582907,46.9698620536395,22.6402220726591
"120",2014,"N","2",18979.234,340,58,1025.883,14,0.0642295512962952,0.0126679813975785,0,12,3.00914357499689,49.5089419516347,66.6907142857143,0.857142857142857,0.05405291910095,0.0411764705882353,1073.02252985964,207.248843285883,1073.02252985964,207.248843285883,1206.48484508613,215.509640311892
"121",2014,"N","3",1060.935,40,2,60.45,1,0.033085194375517,NA,0,1,NA,NA,NA,1,0.0569780429526785,0.025,35.1012406947891,NA,35.1012406947891,0,35.1012406947891,0
"122",2014,"S","2",26622.879,527,15,1212.473,31,0.00709888086012219,0.00362461493365506,0,6,1.52470691701576,22.5373805346937,18.5707838709677,0.193548387096774,0.0455425200257267,0.0588235294117647,329.362538382298,165.322983768587,329.362538382298,165.322983768587,178.784504460778,79.4806137319593
"123",2014,"S","3",4041.351,202,1,72.226,10,0.0111111111111111,0.0111111111111111,0,1,0.316227766016838,7.26639449337382,0.197488888888889,0.1,0.0178717463541276,0.0495049504950495,55.9542408550937,55.8063709522629,55.9542408550937,55.8063709522629,44.9039,44.9039
"124",2015,"N","1",5034.419,712,5,229.782,33,0.031984398041524,0.0165822647364518,0,5,0.36410954062721,8.1375381695097,0.519142045454545,0.151515151515152,0.0456422081674171,0.0463483146067416,109.547723494443,46.2075769296511,109.547723494443,46.2075769296511,171.343520277193,98.3283865612355
"125",2015,"N","2",16542.863,320,29,728.171,13,0.0329376170507558,0.0101033729588015,0,8,2.94827198411335,29.5643585979418,70.6507115384616,0.615384615384615,0.0440172296657477,0.040625,658.83292111331,169.270532690444,658.83292111331,169.270532690444,549.80180405136,178.04362251095
"126",2015,"S","2",23933.206,516,23,1032.844,24,0.017769140358212,0.00655002415880991,0,7,2.17653826995523,26.2672737031672,20.0869202898551,0.291666666666667,0.0431552713831987,0.0465116279069767,532.959225207292,226.761631448925,532.959225207292,226.761631448925,431.397848316991,165.328150508009
"127",2015,"S","3",1141.211,135,2,26.151,8,0.138888888888889,0.138888888888889,0,1,0.707106781186548,3.64502343466893,-0.419678571428571,0.125,0.0229151313823649,0.0592592592592593,87.2785744331001,95.9163829868415,87.2785744331001,95.9163829868415,158.501527777778,158.501527777778
"128",2016,"N","2",19369.323,386,60,873.027,19,0.0550532875826053,0.0137591847159192,0,15,3.90531202188815,20.6596818803596,46.534701754386,0.789473684210526,0.0450726646460488,0.0492227979274611,1331.1837778213,310.914370400581,1331.1837778213,310.914370400581,1047.73504984916,249.428030540778
"129",2016,"N","3",1498.957,57,6,135.975,4,0.0337573231175722,0.0126056347541256,0,3,1.73205080756888,35.7068320668468,60.7175,0.75,0.0907130758253906,0.0701754385964912,66.1426144511859,7.48865673310438,66.1426144511859,7.48865673310438,50.680807670257,19.1992764561296
"130",2016,"S","2",18857.564,397,19,998.303,20,0.054863216329568,0.0318339798799748,0,9,1.39453821823042,34.6039150436007,-10.4865710526316,0.45,0.0529391282988619,0.0503778337531486,358.902774007491,137.199392663499,358.902774007491,137.199392663499,878.130177723623,430.38771037085
"131",2016,"S","3",3796.225,173,11,168.726,6,0.149761202300707,0.128601518838229,0,3,2.40138848724372,33.6792617436903,59.923,0.5,0.0444457322735086,0.0346820809248555,247.492828609699,90.1926582783611,247.492828609699,90.1926582783611,506.788503802145,400.237273853056
"132",2017,"N","2",20312.14,384,82,1027.272,20,0.072082266351418,0.0263112578515702,0,15,6.56866564996671,27.2824944885139,74.1655157894737,0.75,0.0505742871012114,0.0520833333333333,1621.37727885117,516.918264033943,1621.37727885117,516.918264033943,1303.76537591399,376.066883382047
"133",2017,"N","3",266.334,14,3,26.46,2,0.114551993636961,0.0410658090396652,0,2,0.707106781186548,0.53457272657703,-0.378,1,0.0993489377999054,0.142857142857143,30.1965986394558,10.1176331683482,30.1965986394558,10.1176331683482,30.5090906733064,10.9372211847702
"134",2017,"S","2",22685.327,466,8,980.17,23,0.00698682411688529,0.00313144578929109,0,5,0.77510677576318,16.981422753096,2.94187747035573,0.217391304347826,0.0432072237706778,0.0493562231759657,185.154224267219,81.8476399748642,185.154224267219,81.8476399748642,158.118256775461,70.6167416324455
"135",2017,"S","3",3167.082,177,5,41.627,8,0.0192990582059595,0.0192990582059595,0,1,1.76776695296637,11.010561163038,19.4154464285714,0.125,0.0131436445283071,0.0451977401129944,380.41199221659,96.3433493256946,380.41199221659,96.3433493256946,61.1216998610468,61.1216998610468
"136",2018,"N","2",19727.455,400,73,1210.204,25,0.0516859194356064,0.00761175345156662,0,22,4.39621048934951,43.3042255132991,178.328346666667,0.88,0.0613461797276942,0.0625,1189.96814999785,169.921928917411,1189.96814999785,169.921928917411,1025.3981067004,161.186940134562
"137",2018,"N","3",1615.977,83,9,133.272,6,0.0417366225970119,0.0191072436224438,0,3,1.7606816861659,15.8877521128698,26.1456,0.5,0.082471470819201,0.072289156626506,109.128646677472,24.2719834075166,109.128646677472,24.2719834075166,67.4216972762649,30.8044723519714
"138",2018,"S","2",25116.605,529,16,780.979,21,0.0253025008067554,0.00916671951979824,0,9,1.13599128098599,17.0639093575272,4.35616904761905,0.428571428571429,0.031094130755331,0.0396975425330813,514.56656324946,160.445601494452,514.56656324946,160.445601494452,631.230018521015,231.418971850198
"139",2018,"S","3",3022.398,180,8,85.08,5,0.041834523477545,0.0315224540517131,0,2,3.04959013639538,17.0797564385444,46.65,0.4,0.0281498333442518,0.0277777777777778,284.193511988717,138.042768140624,284.193511988717,138.042768140624,126.440580089485,95.2734020809896
