"Year","area","fleet","month","season","totalUnits","totalEffort","units","effort","pooled.n","poolnum","pooledTotalUnits","pooledTotalEffort"
1990,"N","1","1","1",117,467.394,8,30.556,8,0,117,467.394
1990,"N","1","2","1",108,411.867,7,32.305,7,0,108,411.867
1990,"N","1","3","1",120,356.642,6,9.981,6,0,120,356.642
1990,"N","1","4","2",113,393.847,8,20.839,8,0,113,393.847
1990,"N","1","5","2",127,410.604,6,9.203,6,0,127,410.604
1990,"N","1","6","2",115,445.674,3,5.857,12,1,389,1655.782
1990,"N","1","7","3",135,521.336,7,32.614,7,0,135,521.336
1990,"N","1","8","3",136,657.105,6,20.102,6,0,136,657.105
1990,"N","1","9","3",144,670.147,6,22.489,6,0,144,670.147
1990,"N","1","10","4",126,500.049,7,26.26,7,0,126,500.049
1990,"N","1","11","4",97,294.867,5,36.547,15,1,301,1139.162
1990,"N","1","12","4",107,313.245,2,1.304,10,1,261,972.398
1990,"N","2","1","1",99,2741.715,6,94.113,6,0,99,2741.715
1990,"N","2","2","1",74,2453.661,4,70.188,12,1,154,5668.461
1990,"N","2","3","1",78,3179.273,10,430.623,10,0,78,3179.273
1990,"N","2","4","2",62,2089.607,3,110.907,6,1,169,5924.315
1990,"N","2","5","2",38,1108.658,3,77.81,7,1,130,4120.646
1990,"N","2","6","2",47,863.159,5,36.349,8,1,163,4226.321
1990,"N","2","7","3",52,2127.907,2,114.264,13,2,297,12656.293
1990,"N","2","8","3",43,1519.708,2,13.22,7,1,139,7068.968
1990,"N","2","9","3",54,2410.3,1,9.24,7,1,177,6813.962
1990,"N","2","10","4",68,2942.218,3,155.985,7,1,174,7090.619
1990,"N","2","11","4",75,2878.765,3,60.088,10,1,260,9495.924
1990,"N","2","12","4",97,3238.36,6,341.482,6,0,97,3238.36
1990,"S","2","1","1",121,6697.571,7,289.632,7,0,121,6697.571
1990,"S","2","2","1",105,6459.529,8,428.698,8,0,105,6459.529
1990,"S","2","3","1",93,5186.619,3,135.829,11,1,277,14668.111
1990,"S","2","4","2",66,3539.022,4,177.384,9,1,200,9273.36
1990,"S","2","5","2",74,4039.201,0,0,11,2,302,14181.46
1990,"S","2","6","2",75,3953.309,4,138.111,13,1,184,10339.916
1990,"S","2","7","3",41,2085.387,3,102.51,9,1,167,8443.153
1990,"S","2","8","3",49,2840.168,0,0,10,2,286,13640.028
1990,"S","2","9","3",62,3472.841,5,279.351,10,1,156,8353.063
1990,"S","2","10","4",60,4521.959,4,271.16,11,1,205,13408.009
1990,"S","2","11","4",70,4068.271,2,136.502,9,1,219,13180.424
1990,"S","2","12","4",71,4715.624,1,100.08,12,1,250,16326.559
1990,"S","3","1","1",8,420.831,0,0,57,3,948,28172.352
1990,"S","3","2","1",10,293.297,1,7.404,55,3,826,28873.801
1990,"S","3","3","1",7,337.296,0,0,54,3,871,24641.104
1990,"S","3","4","2",14,586.107,1,1.488,33,3,720,17793.778
1990,"S","3","5","2",6,582.068,1,187.2,28,3,683,16798.349
1990,"S","3","6","2",12,506.531,0,0,35,3,767,17596.158
1990,"S","3","7","3",6,486.144,1,38.88,31,3,759,16537.543
1990,"S","3","8","3",6,471.435,0,0,26,3,730,17853.445
1990,"S","3","9","3",8,459.498,0,0,33,3,773,19446.723
1990,"S","3","10","4",5,335.352,0,0,40,3,788,24073.604
1990,"S","3","11","4",7,297.59,0,0,36,3,846,26376.351
1990,"S","3","12","4",10,461.04,0,0,40,3,879,29606.649
1991,"N","1","1","1",97,404.733,6,56.4,6,0,97,404.733
1991,"N","1","2","1",99,356,5,6.62,27,1,410,1628.756
1991,"N","1","3","1",119,398.026,13,45.704,13,0,119,398.026
1991,"N","1","4","2",85,295.674,3,17.972,20,1,393,1461.978
1991,"N","1","5","2",118,397.651,5,8.662,24,1,453,1788.522
1991,"N","1","6","2",111,547.113,2,10.736,18,1,511,2324.928
1991,"N","1","7","3",141,701.337,5,14.62,21,1,552,2762.955
1991,"N","1","8","3",132,648.945,4,18.664,21,1,522,2876.356
1991,"N","1","9","3",134,769.653,5,46.226,19,1,516,3199.35
1991,"N","1","10","4",112,630.312,4,17.413,24,1,460,2530.824
1991,"N","1","11","4",110,510.274,6,36.6,6,0,110,510.274
1991,"N","1","12","4",81,347.348,5,32.164,18,1,348,1247.587
1991,"N","2","1","1",74,1793.503,3,120.844,18,1,329,9401.286
1991,"N","2","2","1",39,922.537,3,72.038,17,1,230,10036.968
1991,"N","2","3","1",56,2439.946,3,137.46,16,1,258,12208.943
1991,"N","2","4","2",45,1819.633,2,40.098,9,1,238,7874.428
1991,"N","2","5","2",45,1408.171,3,75.045,7,1,167,5457.556
1991,"N","2","6","2",54,1524.174,0,0,12,1,204,6040.204
1991,"N","2","7","3",28,754.042,0,0,6,1,178,6235.618
1991,"N","2","8","3",54,3030.29,2,41.79,9,1,195,11074.252
1991,"N","2","9","3",62,2703.71,3,85.942,9,1,233,8956.24
1991,"N","2","10","4",73,2822.073,2,56.22,12,1,213,8647.833
1991,"N","2","11","4",124,4448.546,5,140.934,14,1,317,11361.205
1991,"N","2","12","4",123,3750.917,7,182.676,7,0,123,3750.917
1991,"S","2","1","1",109,5772.03,7,653.28,7,0,109,5772.03
1991,"S","2","2","1",106,7380.497,8,340.21,8,0,106,7380.497
1991,"S","2","3","1",102,5012.963,5,169.586,13,1,348,19625.924
1991,"S","2","4","2",90,3796.98,5,161.614,15,1,249,11764.621
1991,"S","2","5","2",63,4155.462,2,89.84,7,1,249,14423.336
1991,"S","2","6","2",68,4239.325,7,565.884,7,0,68,4239.325
1991,"S","2","7","3",82,4295.733,5,205.426,17,1,239,12106.978
1991,"S","2","8","3",55,2041.682,3,86.43,7,1,176,7528.794
1991,"S","2","9","3",54,2383.694,3,290.088,12,1,227,12589.513
1991,"S","2","10","4",72,4391.595,3,40.56,15,1,286,18568.903
1991,"S","2","11","4",77,4266.299,5,218.248,14,1,312,19476.368
1991,"S","2","12","4",80,4993.924,3,124.564,15,1,347,22822.169
1991,"S","3","1","1",11,339.183,1,26.88,69,3,1264,41049.805
1991,"S","3","2","1",7,343.53,0,0,6,1,63,2307.98
1991,"S","3","3","1",6,304.827,0,0,67,3,1150,35389.606
1991,"S","3","4","2",5,358.236,0,0,46,3,935,23183.11
1991,"S","3","5","2",7,403.995,1,80.811,6,1,45,2258.712
1991,"S","3","6","2",6,355.48,1,4.704,50,3,1042,26679.605
1991,"S","3","7","3",17,837.588,0,0,46,3,1028,24170.746
1991,"S","3","8","3",13,734.529,1,52.32,40,3,958,24789.934
1991,"S","3","9","3",15,667.817,0,0,43,3,1043,27887.305
1991,"S","3","10","4",20,597.963,0,0,53,3,1025,32715.105
1991,"S","3","11","4",20,865.245,0,0,51,3,1140,36945.258
1991,"S","3","12","4",23,1166.613,0,0,6,1,131,5662.942
1992,"N","1","1","1",116,416.994,6,32.324,6,0,116,416.994
1992,"N","1","2","1",121,438.328,7,25.067,7,0,121,438.328
1992,"N","1","3","1",139,461.917,9,31.052,9,0,139,461.917
1992,"N","1","4","2",118,429.595,6,28.457,6,0,118,429.595
1992,"N","1","5","2",115,485.063,3,6.454,30,1,571,2368.919
1992,"N","1","6","2",163,662.995,7,23.214,7,0,163,662.995
1992,"N","1","7","3",154,728.631,5,6.606,28,1,695,3559.902
1992,"N","1","8","3",135,712.2,5,17.384,25,1,651,3741.074
1992,"N","1","9","3",125,846.252,4,58.277,27,1,622,4058.71
1992,"N","1","10","4",129,711.007,10,71.528,10,0,129,711.007
1992,"N","1","11","4",94,334.021,4,21.553,26,1,522,2053.637
1992,"N","1","12","4",73,311.805,3,1.501,21,1,473,1800.493
1992,"N","2","1","1",91,2848.711,6,489.689,6,0,91,2848.711
1992,"N","2","2","1",41,2292.263,5,164.396,22,1,277,12513.632
1992,"N","2","3","1",52,1977.502,1,137.856,20,1,327,16777.518
1992,"N","2","4","2",62,2015.075,1,36.549,11,1,311,10951.731
1992,"N","2","5","2",47,1603.817,1,38.64,9,1,202,6963.527
1992,"N","2","6","2",62,1838.988,3,50.901,17,1,246,8128.372
1992,"N","2","7","3",50,1331.191,2,38.762,10,1,223,7923.026
1992,"N","2","8","3",42,2518.97,3,273.308,10,1,245,13996.22
1992,"N","2","9","3",61,1699.952,3,26.169,13,1,303,11271.788
1992,"N","2","10","4",33,1326.328,2,28.371,19,1,298,12671.275
1992,"N","2","11","4",61,2168.613,2,73.446,20,1,372,14238.919
1992,"N","2","12","4",76,1978.078,2,59.916,19,1,439,13458.782
1992,"S","2","1","1",86,5477.188,7,470.928,7,0,86,5477.188
1992,"S","2","2","1",98,7056.258,5,297.124,30,1,512,35483.312
1992,"S","2","3","1",82,4468.529,3,33.069,17,1,414,23740.489
1992,"S","2","4","2",44,1937.358,0,0,20,1,320,15804.002
1992,"S","2","5","2",35,1866.151,2,145.56,11,1,325,18310.279
1992,"S","2","6","2",41,2147.282,2,132.096,24,1,344,19528.957
1992,"S","2","7","3",44,2062.033,1,19,21,1,305,15917.646
1992,"S","2","8","3",43,1689.21,0,0,13,1,240,10270.959
1992,"S","2","9","3",40,2496.528,2,11.322,15,1,313,17246.169
1992,"S","2","10","4",73,4494.455,4,352.81,22,1,378,23604.266
1992,"S","2","11","4",72,4845.854,2,60.12,20,1,407,25526.88
1992,"S","2","12","4",99,6617.011,8,634.866,8,0,99,6617.011
1992,"S","3","1","1",19,792.499,0,0,81,3,1584,51872.305
1992,"S","3","2","1",18,466.034,2,72.804,8,1,83,2955.477
1992,"S","3","3","1",17,517.564,1,19.84,79,3,1405,44875.957
1992,"S","3","4","2",16,532.644,0,0,56,3,1207,31057.327
1992,"S","3","5","2",8,337.508,1,52.812,7,1,55,2678.87
1992,"S","3","6","2",13,512.128,1,5.06,69,3,1311,33556.837
1992,"S","3","7","3",9,606.214,0,0,61,3,1301,31030.544
1992,"S","3","8","3",22,989.203,0,0,51,3,1214,31912.069
1992,"S","3","9","3",14,866.331,1,9,59,3,1320,36207.156
1992,"S","3","10","4",17,800.293,1,9,5,1,89,3451.32
1992,"S","3","11","4",39,1398.006,2,46.83,5,1,125,5085.424
1992,"S","3","12","4",39,1712.684,3,191.928,6,1,150,6352.528
1993,"N","1","1","1",95,436.579,2,1.802,25,1,528,2301.747
1993,"N","1","2","1",82,422.561,8,48.144,8,0,82,422.561
1993,"N","1","3","1",111,429.917,6,8.128,6,0,111,429.917
1993,"N","1","4","2",77,342.862,3,9.752,23,1,522,2216.249
1993,"N","1","5","2",93,495.204,10,55.376,10,0,93,495.204
1993,"N","1","6","2",122,669.146,6,51.43,6,0,122,669.146
1993,"N","1","7","3",122,811.651,4,18.408,28,1,722,4132.53
1993,"N","1","8","3",119,858.106,6,31.675,6,0,119,858.106
1993,"N","1","9","3",113,913.298,4,21.432,27,1,608,4390.747
1993,"N","1","10","4",93,689.456,3,61.544,30,1,584,3762.351
1993,"N","1","11","4",96,445.237,4,20.455,26,1,525,2303.579
1993,"N","1","12","4",87,275.189,8,33.47,8,0,87,275.189
1993,"N","2","1","1",65,2017.357,3,38.004,16,1,394,11309.044
1993,"N","2","2","1",76,4368.507,5,567.804,20,1,270,14073.098
1993,"N","2","3","1",72,4612.222,2,131.448,13,1,336,18776.589
1993,"N","2","4","2",69,1950.113,3,47.994,10,1,328,11779.071
1993,"N","2","5","2",37,1336.91,0,0,12,1,231,8219.316
1993,"N","2","6","2",41,1813.883,4,309.758,18,1,255,10238.514
1993,"N","2","7","3",48,2022.478,2,55.26,11,1,227,9194.146
1993,"N","2","8","3",56,4005.284,2,116.504,12,1,257,15703.704
1993,"N","2","9","3",56,2142.278,2,173.808,15,1,310,11164.814
1993,"N","2","10","4",39,1557.214,5,331.95,19,1,294,13006.084
1993,"N","2","11","4",57,1865.281,4,79.71,18,1,358,13333.399
1993,"N","2","12","4",87,2385.465,1,23.175,17,1,412,13781.6
1993,"S","2","1","1",122,9092.864,6,387.106,6,0,122,9092.864
1993,"S","2","2","1",107,7627.074,1,79.608,26,1,480,34171.233
1993,"S","2","3","1",71,4957.813,2,148.536,15,1,368,20727.229
1993,"S","2","4","2",49,2491.261,6,448.644,6,0,49,2491.261
1993,"S","2","5","2",77,4362.522,3,296.664,14,1,308,17500.581
1993,"S","2","6","2",84,5371.794,5,325,24,1,351,19683.994
1993,"S","2","7","3",72,3663.825,8,279.115,8,0,72,3663.825
1993,"S","2","8","3",29,957.734,4,170.116,14,1,230,9416.623
1993,"S","2","9","3",71,4236.45,2,141.552,18,1,317,17620.726
1993,"S","2","10","4",81,5160.894,4,432.536,22,1,395,23569.849
1993,"S","2","11","4",93,6295.944,5,282.54,22,1,459,28235.191
1993,"S","2","12","4",97,6495.61,3,55.2,22,1,510,32876.787
1993,"S","3","1","1",34,1330.653,1,69.3,73,3,1585,53721.125
1993,"S","3","2","1",28,1205.119,3,179.25,8,1,91,3048.504
1993,"S","3","3","1",25,748.55,3,87.735,6,1,79,2447.783
1993,"S","3","4","2",20,605.096,1,11.04,56,3,1234,31859.437
1993,"S","3","5","2",24,935.141,3,78.867,7,1,69,2685.882
1993,"S","3","6","2",28,1228.624,0,0,74,3,1355,36300.089
1993,"S","3","7","3",27,1135.249,1,51,62,3,1375,34813.376
1993,"S","3","8","3",24,1115.365,2,54.65,53,3,1225,33275.999
1993,"S","3","9","3",30,1148.556,2,91.446,5,1,97,3947.476
1993,"S","3","10","4",24,1233.937,1,6.003,5,1,116,4170.583
1993,"S","3","11","4",48,1962.445,2,50.04,5,1,149,5822.436
1993,"S","3","12","4",59,2322.605,3,183.84,7,1,166,6773.106
1994,"N","1","1","1",100,409.641,6,19.319,6,0,100,409.641
1994,"N","1","2","1",109,360.881,4,14.534,31,1,568,2301.311
1994,"N","1","3","1",112,477.635,4,3.701,32,1,615,2528.154
1994,"N","1","4","2",119,508.877,3,18.722,31,1,572,2591.819
1994,"N","1","5","2",118,580.397,6,21.519,6,0,118,580.397
1994,"N","1","6","2",139,639.609,8,68.695,8,0,139,639.609
1994,"N","1","7","3",143,796.947,7,44.859,7,0,143,796.947
1994,"N","1","8","3",129,864.718,4,42.212,26,1,672,4579.597
1994,"N","1","9","3",106,859.36,8,58.691,8,0,106,859.36
1994,"N","1","10","4",139,966.541,8,138.674,8,0,139,966.541
1994,"N","1","11","4",125,469.238,7,24.838,7,0,125,469.238
1994,"N","1","12","4",125,552.906,3,5.002,23,1,477,1988.743
1994,"N","2","1","1",77,1784.407,1,18.612,17,1,401,13272.47
1994,"N","2","2","1",47,2476.664,5,216.186,20,1,297,16562.334
1994,"N","2","3","1",69,4568.575,4,271.806,15,1,355,19816.65
1994,"N","2","4","2",73,3077.303,2,76.575,11,1,372,14499.047
1994,"N","2","5","2",35,1505.971,2,12.3,12,1,251,10198.566
1994,"N","2","6","2",42,2088.168,5,56.278,20,1,275,12314.726
1994,"N","2","7","3",45,1687.408,4,156.426,14,1,293,13016.859
1994,"N","2","8","3",50,2921.968,1,72.408,13,1,332,19211.34
1994,"N","2","9","3",70,2315.548,4,159.322,13,1,305,11687.206
1994,"N","2","10","4",85,4023.442,7,357.54,7,0,85,4023.442
1994,"N","2","11","4",55,2877.714,6,95.902,6,0,55,2877.714
1994,"N","2","12","4",56,2105.962,3,146.856,20,1,408,16303.936
1994,"S","2","1","1",112,7447.89,4,254.638,29,1,560,36253.817
1994,"S","2","2","1",96,6959.954,8,515.482,8,0,96,6959.954
1994,"S","2","3","1",66,4114.565,4,422.904,14,1,350,20334.906
1994,"S","2","4","2",71,4039.381,5,322.416,19,1,301,16589.917
1994,"S","2","5","2",76,3886.943,4,164.352,22,1,374,20406.875
1994,"S","2","6","2",76,3817.247,6,197.344,6,0,76,3817.247
1994,"S","2","7","3",66,3810.668,4,504.276,17,1,326,16995.772
1994,"S","2","8","3",64,2742.165,6,222.98,6,0,64,2742.165
1994,"S","2","9","3",86,4656.656,3,90.05,18,1,290,16459.866
1994,"S","2","10","4",92,5035.363,7,442.732,7,0,92,5035.363
1994,"S","2","11","4",95,6050.512,6,494.566,6,0,95,6050.512
1994,"S","2","12","4",116,7352.216,3,202.224,24,1,537,32978.855
1994,"S","3","1","1",31,1180.562,1,76.401,74,3,1663,56975.151
1994,"S","3","2","1",20,647.497,2,141.132,9,1,102,3071.406
1994,"S","3","3","1",8,325.576,0,0,7,1,87,2394.768
1994,"S","3","4","2",9,248.656,0,0,65,3,1334,35884.118
1994,"S","3","5","2",10,420.158,1,2.8,7,1,79,2675.366
1994,"S","3","6","2",12,332.208,0,0,82,3,1494,41029.729
1994,"S","3","7","3",19,564.775,0,0,65,3,1462,38259.255
1994,"S","3","8","3",13,593.284,0,0,54,3,1308,36255.027
1994,"S","3","9","3",15,488.287,1,41.28,5,1,99,3756.773
1994,"S","3","10","4",23,483.775,3,15.813,5,1,118,4026.936
1994,"S","3","11","4",11,562.138,1,194.535,6,1,157,5595.665
1994,"S","3","12","4",19,689.586,0,0,9,1,168,6224.284
1995,"N","1","1","1",120,633.8,5,38.654,25,1,581,2819.85
1995,"N","1","2","1",126,523.728,10,64.894,10,0,126,523.728
1995,"N","1","3","1",127,586.863,8,37.071,8,0,127,586.863
1995,"N","1","4","2",123,639.241,8,21.482,8,0,123,639.241
1995,"N","1","5","2",123,738.505,8,27.181,8,0,123,738.505
1995,"N","1","6","2",137,788.884,7,19.585,7,0,137,788.884
1995,"N","1","7","3",162,1093.964,7,106.468,7,0,162,1093.964
1995,"N","1","8","3",134,1042.678,5,50.848,27,1,681,4904.959
1995,"N","1","9","3",130,1002.184,6,77.226,6,0,130,1002.184
1995,"N","1","10","4",111,765.035,5,15.698,27,1,567,3738.333
1995,"N","1","11","4",100,544.809,5,30.229,27,1,532,2417.725
1995,"N","1","12","4",70,353.358,5,12.154,23,1,528,2215.244
1995,"N","2","1","1",87,2865.066,3,104.688,16,1,401,14295.598
1995,"N","2","2","1",67,4013.127,2,146.064,20,1,335,18425.317
1995,"N","2","3","1",87,5178.344,3,106.804,19,1,418,23669.767
1995,"N","2","4","2",79,2916.947,2,261.861,16,1,425,18518.789
1995,"N","2","5","2",67,2364.447,6,137.874,6,0,67,2364.447
1995,"N","2","6","2",56,2973.301,6,385.267,6,0,56,2973.301
1995,"N","2","7","3",56,3399.027,3,174.576,13,1,291,14847.986
1995,"N","2","8","3",55,3227.192,4,421.236,12,1,338,19837.044
1995,"N","2","9","3",61,2303.326,3,75.476,14,1,288,12515.408
1995,"N","2","10","4",64,3277.027,3,109.476,19,1,318,14911.371
1995,"N","2","11","4",61,1973.245,1,94.68,20,1,358,15011.414
1995,"N","2","12","4",70,3561.178,4,333.024,21,1,445,19879.743
1995,"S","2","1","1",111,7725.014,5,365.688,28,1,614,37343.45
1995,"S","2","2","1",73,5147.45,4,223.248,25,1,496,30320.416
1995,"S","2","3","1",47,2173.359,1,18.24,14,1,332,18903.946
1995,"S","2","4","2",58,3318.573,4,448.852,21,1,338,18112.565
1995,"S","2","5","2",57,3229.503,3,170.664,23,1,408,22045.698
1995,"S","2","6","2",82,4108.346,4,163.512,22,1,436,23771.805
1995,"S","2","7","3",67,3641.983,3,129.74,21,1,336,17813.935
1995,"S","2","8","3",39,1985.832,1,67.632,14,1,196,8789.418
1995,"S","2","9","3",66,3847.398,8,718.028,8,0,66,3847.398
1995,"S","2","10","4",77,4487.542,4,216.062,19,1,357,20500.532
1995,"S","2","11","4",122,6776.582,4,234.618,24,1,466,27070.079
1995,"S","2","12","4",118,7418.026,5,343.368,17,1,503,29218.619
1995,"S","3","1","1",28,952.451,0,0,6,1,137,4364.079
1995,"S","3","2","1",18,386.324,1,27.83,7,1,105,3110.389
1995,"S","3","3","1",23,551.266,2,50.436,6,1,88,2257.007
1995,"S","3","4","2",22,535.932,2,78.48,5,1,92,1920.35
1995,"S","3","5","2",20,589.08,1,96.873,7,1,89,2622.642
1995,"S","3","6","2",18,641.394,0,0,84,3,1527,44807.217
1995,"S","3","7","3",23,868.632,1,39.18,70,3,1485,40827.903
1995,"S","3","8","3",17,596.644,0,0,6,1,94,3059.75
1995,"S","3","9","3",23,776.485,1,11.862,6,1,108,3411.351
1995,"S","3","10","4",32,1054.615,0,0,5,1,119,3658.285
1995,"S","3","11","4",31,1034.602,0,0,5,1,132,4646.561
1995,"S","3","12","4",26,881.618,1,1.6,6,1,141,4824.368
1996,"N","1","1","1",130,619.489,6,52.536,6,0,130,619.489
1996,"N","1","2","1",130,555.813,2,7.01,27,1,592,2391.693
1996,"N","1","3","1",126,571.822,5,35.392,33,1,604,2776.537
1996,"N","1","4","2",135,671.244,11,43.139,11,0,135,671.244
1996,"N","1","5","2",165,880.182,10,35.653,10,0,165,880.182
1996,"N","1","6","2",162,925.718,8,86.884,8,0,162,925.718
1996,"N","1","7","3",158,1013.418,9,35.76,9,0,158,1013.418
1996,"N","1","8","3",155,1101.895,6,19.969,6,0,155,1101.895
1996,"N","1","9","3",135,896.449,7,41.989,7,0,135,896.449
1996,"N","1","10","4",114,690.404,6,29.542,6,0,114,690.404
1996,"N","1","11","4",115,503.853,6,7.741,6,0,115,503.853
1996,"N","1","12","4",122,495.485,4,5.567,21,1,543,2433.302
1996,"N","2","1","1",81,3756.929,4,111.976,18,1,434,17125.641
1996,"N","2","2","1",66,3411.773,3,103.032,21,1,364,19371.672
1996,"N","2","3","1",75,3480.007,5,201.61,20,1,483,25944.747
1996,"N","2","4","2",89,4539.609,3,137.73,16,1,491,23144.468
1996,"N","2","5","2",65,3387.421,3,235.84,17,1,329,16068.648
1996,"N","2","6","2",74,3600.386,2,61.2,18,1,295,14822.584
1996,"N","2","7","3",94,4576.755,3,221.008,15,1,313,16488.358
1996,"N","2","8","3",129,6537.926,3,357.408,10,1,348,18899.089
1996,"N","2","9","3",57,3226.102,1,21.312,16,1,283,13097.459
1996,"N","2","10","4",91,4024.506,4,200.96,17,1,325,15511.983
1996,"N","2","11","4",130,6029.997,8,399.696,8,0,130,6029.997
1996,"N","2","12","4",119,6273.253,10,503.292,10,0,119,6273.253
1996,"N","3","1","1",8,251.514,1,39.06,7,2,152,4452.164
1996,"N","3","2","1",6,358.443,1,17.685,6,2,114,3093.468
1996,"N","3","3","1",2,106.113,0,0,5,2,109,2646.006
1996,"S","2","1","1",129,6510.861,7,468.62,7,0,129,6510.861
1996,"S","2","2","1",106,5351.475,8,366.012,8,0,106,5351.475
1996,"S","2","3","1",84,4620.64,4,200.672,13,1,283,14693.251
1996,"S","2","4","2",79,4803.344,4,207.94,16,1,321,17395.768
1996,"S","2","5","2",129,7061.756,10,850.992,10,0,129,7061.756
1996,"S","2","6","2",120,6390.368,6,287.28,6,0,120,6390.368
1996,"S","2","7","3",77,3817.263,1,88.032,15,1,307,16398.118
1996,"S","2","8","3",29,1409.721,0,0,18,1,214,9912.55
1996,"S","2","9","3",27,1222.834,3,53.724,19,1,280,14316.838
1996,"S","2","10","4",50,2943.13,1,16.44,16,1,351,19080.249
1996,"S","2","11","4",93,4826.543,4,202.392,25,1,455,25202.783
1996,"S","2","12","4",107,5095.992,5,193.616,18,1,486,27114.752
1996,"S","3","1","1",21,424.682,0,0,6,1,143,4194.692
1996,"S","3","2","1",18,366.432,1,39,5,1,108,2735.025
1996,"S","3","3","1",14,251.812,1,14.88,5,2,109,2646.006
1996,"S","3","4","2",22,281.007,1,3.552,6,1,93,1887.757
1996,"S","3","5","2",17,393.479,1,8.208,86,3,1546,46478.574
1996,"S","3","6","2",22,479.26,2,39.972,6,1,95,2691.315
1996,"S","3","7","3",26,627.143,0,0,72,3,1511,41368.363
1996,"S","3","8","3",24,384.932,2,71.262,5,1,107,2962.68
1996,"S","3","9","3",17,477.114,0,0,71,3,1277,34800.455
1996,"S","3","10","4",22,454.316,0,0,5,1,136,3595.3
1996,"S","3","11","4",28,638.474,1,39.12,9,1,156,4902.364
1996,"S","3","12","4",25,617.791,2,43.08,5,1,139,4753.798
1997,"N","1","1","1",136,720.341,6,32.69,6,0,136,720.341
1997,"N","1","2","1",125,557.187,7,15.31,7,0,125,557.187
1997,"N","1","3","1",122,640.475,10,39.208,10,0,122,640.475
1997,"N","1","4","2",104,396.702,0,0,26,1,571,2587.595
1997,"N","1","5","2",115,603.681,6,32.382,6,0,115,603.681
1997,"N","1","6","2",159,854.781,12,49.405,12,0,159,854.781
1997,"N","1","7","3",162,939.937,7,32.624,7,0,162,939.937
1997,"N","1","8","3",144,1037.562,6,37.628,6,0,144,1037.562
1997,"N","1","9","3",132,987.835,8,92.643,8,0,132,987.835
1997,"N","1","10","4",110,626.897,5,27.508,28,1,551,3348.453
1997,"N","1","11","4",96,454.588,5,14.569,20,1,505,2552.582
1997,"N","1","12","4",124,538.306,3,9.112,21,1,505,2266.921
1997,"N","2","1","1",91,3871.839,5,285.72,22,1,447,19890.727
1997,"N","2","2","1",79,4155.246,5,223.136,24,1,417,21470.224
1997,"N","2","3","1",115,5830.619,5,359.31,22,1,513,26722.488
1997,"N","2","4","2",115,6034.817,6,524.463,6,0,115,6034.817
1997,"N","2","5","2",103,5352.497,5,211.35,16,1,339,16556.929
1997,"N","2","6","2",64,3687.173,1,51.2,13,1,298,14985.064
1997,"N","2","7","3",48,3162.318,1,26.2,14,1,329,17721.441
1997,"N","2","8","3",48,3144.674,2,128.406,13,1,355,18281.126
1997,"N","2","9","3",44,2528.154,4,314.964,13,1,232,11680.489
1997,"N","2","10","4",39,2029.182,0,0,12,1,272,12892.749
1997,"N","2","11","4",55,2265.177,1,51,18,1,411,19274.136
1997,"N","2","12","4",113,5553.885,3,106.32,25,1,532,27282.945
1997,"N","3","1","1",1,5.958,0,0,8,2,175,4991.383
1997,"N","3","3","1",1,94.458,0,0,10,2,151,3886.699
1997,"N","3","4","2",5,75.945,1,37.905,10,2,127,3016.051
1997,"N","3","5","2",2,32.625,0,0,80,3,1593,48193.531
1997,"N","3","6","2",1,26.001,0,0,8,2,130,3427.447
1997,"N","3","7","3",2,37.45,0,0,73,3,1500,41194.68
1997,"N","3","8","3",3,25.086,1,2.88,8,2,131,3191.536
1997,"N","3","9","3",2,24.831,0,0,5,2,127,3513.753
1997,"N","3","10","4",1,32.12,1,32.12,6,2,156,4310.488
1997,"N","3","11","4",2,119.16,0,0,12,2,205,6166.743
1997,"N","3","12","4",3,145.11,0,0,13,2,190,6007.964
1997,"S","2","1","1",140,6566.821,6,248.304,6,0,140,6566.821
1997,"S","2","2","1",114,5234.463,4,175.95,21,1,425,21601.528
1997,"S","2","3","1",64,3037.569,3,113.04,9,1,256,12284.668
1997,"S","2","4","2",81,3460.006,2,90.26,13,1,299,16312.015
1997,"S","2","5","2",69,3504.974,3,190.544,25,1,500,25019.635
1997,"S","2","6","2",74,4084.05,1,23.544,24,1,490,25130.27
1997,"S","2","7","3",54,2880.196,5,216.282,14,1,283,14801.461
1997,"S","2","8","3",35,1693.966,3,117.728,14,1,170,8209.132
1997,"S","2","9","3",50,2197.206,0,0,17,1,234,11748.088
1997,"S","2","10","4",57,2873.603,3,113.136,11,1,302,16208.854
1997,"S","2","11","4",63,3120.498,5,206.504,21,1,409,21528.371
1997,"S","2","12","4",65,2856.775,1,52.32,20,1,422,21905.55
1997,"S","3","1","1",23,475.731,4,28.038,7,1,165,4728.421
1997,"S","3","2","1",21,505.017,0,0,5,1,128,3216.014
1997,"S","3","3","1",18,379.803,0,0,8,1,128,2962.689
1997,"S","3","4","2",19,249.659,1,2.04,9,1,107,2121.374
1997,"S","3","5","2",18,284.784,1,13.2,80,3,1593,48193.531
1997,"S","3","6","2",14,286.876,1,4.062,7,1,116,3083.564
1997,"S","3","7","3",14,276.816,0,0,73,3,1500,41194.68
1997,"S","3","8","3",16,369.525,2,54.21,6,1,121,3097.147
1997,"S","3","9","3",23,520.909,2,78.96,5,1,124,3480.918
1997,"S","3","10","4",18,431.642,1,2.4,5,1,152,4215.95
1997,"S","3","11","4",14,448.902,1,188.928,12,1,199,6018.486
1997,"S","3","12","4",12,312.768,0,0,12,1,177,5529.684
1998,"N","1","1","1",118,587.789,6,72.191,6,0,118,587.789
1998,"N","1","2","1",102,394.084,4,6.93,25,1,554,2258.924
1998,"N","1","3","1",117,499.742,6,38.86,6,0,117,499.742
1998,"N","1","4","2",108,343.093,4,25.246,21,1,534,2377.108
1998,"N","1","5","2",117,561.253,8,46.316,8,0,117,561.253
1998,"N","1","6","2",122,757.529,5,47.286,40,1,698,3834.114
1998,"N","1","7","3",143,858.203,10,35.954,10,0,143,858.203
1998,"N","1","8","3",124,763.607,8,107.222,8,0,124,763.607
1998,"N","1","9","3",106,629.428,3,7.2,30,1,584,3822.123
1998,"N","1","10","4",109,675.473,3,4.436,26,1,538,3247.091
1998,"N","1","11","4",107,539.445,1,5.296,19,1,484,2515.483
1998,"N","1","12","4",102,493.247,6,18.878,6,0,102,493.247
1998,"N","2","1","1",98,4847.4,5,192.46,21,1,468,21927.173
1998,"N","2","2","1",105,5314.862,6,267.32,6,0,105,5314.862
1998,"N","2","3","1",137,6887.202,3,155.44,26,1,525,26959.97
1998,"N","2","4","2",135,6575.792,3,266.166,23,1,518,26453.715
1998,"N","2","5","2",59,3458.312,1,9.36,11,1,324,17710.988
1998,"N","2","6","2",59,2473.556,4,171.45,10,1,301,15131.128
1998,"N","2","7","3",70,3662.85,4,292.592,14,1,338,18138.144
1998,"N","2","8","3",66,3067.329,0,0,11,1,354,18125.771
1998,"N","2","9","3",51,2724.329,4,115.228,10,1,218,11869.844
1998,"N","2","10","4",46,2157.826,3,146.8,9,1,238,10931.936
1998,"N","2","11","4",69,4332.7,3,196.8,19,1,398,19571.844
1998,"N","2","12","4",112,6239.598,4,162.554,30,1,570,28831.782
1998,"N","3","3","1",5,129.564,1,43.46,9,2,173,5104.23
1998,"N","3","4","2",8,310.37,0,0,9,2,133,3617.346
1998,"N","3","5","2",9,409.2,0,0,7,2,137,3733.435
1998,"N","3","6","2",4,143.608,0,0,9,2,141,3805.153
1998,"N","3","7","3",2,5.598,0,0,71,3,1458,40203.217
1998,"N","3","10","4",1,28.56,0,0,6,2,155,4055.183
1998,"N","3","11","4",3,21.66,0,0,12,2,219,6342.308
1998,"S","2","1","1",63,3193.419,2,48.456,22,1,485,23528.657
1998,"S","2","2","1",52,2476.159,1,52.32,21,1,394,18533.333
1998,"S","2","3","1",22,747.118,1,40.32,10,1,265,12718.493
1998,"S","2","4","2",32,1774.464,1,8.22,12,1,278,15204.967
1998,"S","2","5","2",150,6546.71,7,294.048,7,0,150,6546.71
1998,"S","2","6","2",97,5222,4,176.531,25,1,530,27373.084
1998,"S","2","7","3",43,2248.008,2,58.49,11,1,260,13459.718
1998,"S","2","8","3",47,2080.866,8,263.568,8,0,47,2080.866
1998,"S","2","9","3",51,2392.744,5,140.166,9,1,190,9216.477
1998,"S","2","10","4",75,3740.611,1,52.32,9,1,271,13762.745
1998,"S","2","11","4",82,4428.648,6,211.442,6,0,82,4428.648
1998,"S","2","12","4",80,4391.743,4,164.6,19,1,380,17948.393
1998,"S","3","1","1",40,1161.266,1,35.424,9,1,173,4969.593
1998,"S","3","2","1",31,829.755,1,8.06,5,2,175,5376.154
1998,"S","3","3","1",38,807.414,1,39,6,1,134,3083.507
1998,"S","3","4","2",21,572.503,2,78.6,7,1,98,1995.93
1998,"S","3","5","2",22,686.696,0,0,7,2,137,3733.435
1998,"S","3","6","2",29,951.577,3,55.944,8,1,125,3452.174
1998,"S","3","7","3",37,1399.004,1,39.12,71,3,1458,40203.217
1998,"S","3","8","3",37,1018.295,1,39.3,7,1,150,3635.237
1998,"S","3","9","3",25,723.276,0,0,6,1,131,3582.894
1998,"S","3","10","4",41,1170.952,1,20.44,5,1,150,3951.39
1998,"S","3","11","4",72,2218.248,6,169.599,6,0,72,2218.248
1998,"S","3","12","4",57,2252.035,2,225.702,14,1,194,6180.325
1999,"N","1","1","1",108,485.359,8,37.206,8,0,108,485.359
1999,"N","1","2","1",114,408.09,9,16.769,9,0,114,408.09
1999,"N","1","3","1",109,514.049,4,15.669,23,1,512,2436.18
1999,"N","1","4","2",101,537.315,3,25.375,14,1,493,2276.254
1999,"N","1","5","2",115,534.394,4,14.62,29,1,538,2909.861
1999,"N","1","6","2",124,647.098,7,22.214,7,0,124,647.098
1999,"N","1","7","3",130,742.282,10,32.132,10,0,130,742.282
1999,"N","1","8","3",117,744.329,5,31.279,27,1,585,3986.435
1999,"N","1","9","3",105,612.595,8,68.444,8,0,105,612.595
1999,"N","1","10","4",107,590.644,9,48.229,9,0,107,590.644
1999,"N","1","11","4",87,509.887,3,7.497,16,1,441,2516.469
1999,"N","1","12","4",87,386.525,3,5.698,16,1,481,2222.653
1999,"N","2","1","1",90,4549.493,5,133.58,22,1,482,23219.474
1999,"N","2","2","1",100,4575.216,8,509.832,8,0,100,4575.216
1999,"N","2","3","1",99,5346.316,6,287.736,6,0,99,5346.316
1999,"N","2","4","2",78,3963.149,5,151.748,24,1,506,26329.193
1999,"N","2","5","2",45,1994.252,1,5.568,11,1,317,17285.396
1999,"N","2","6","2",45,2250.648,0,0,10,1,268,13574.927
1999,"N","2","7","3",61,2920.491,3,156.15,12,1,287,15523.554
1999,"N","2","8","3",57,2304.005,4,114.48,8,1,271,13528.241
1999,"N","2","9","3",19,898.578,1,10.02,10,1,195,10081
1999,"N","2","10","4",32,1404.208,2,133.416,7,1,195,9247.334
1999,"N","2","11","4",96,4673.017,5,168.864,14,1,363,18129.658
1999,"N","2","12","4",118,5655.031,4,406.936,29,1,556,27900.164
1999,"N","3","1","1",1,5.49,0,0,12,2,232,7259.411
1999,"N","3","2","1",8,258.066,0,0,5,2,207,6567.266
1999,"N","3","3","1",15,593.875,1,2.559,5,1,46,2212.404
1999,"N","3","4","2",7,508.362,0,0,9,2,146,4292.223
1999,"N","3","5","2",10,298.559,0,0,9,2,163,4471.162
1999,"N","3","6","2",9,174.274,1,17.26,11,2,162,4621.65
1999,"N","3","7","3",6,171.732,0,0,71,3,1308,34784.506
1999,"N","3","8","3",7,69.303,1,2.7,8,2,180,4262.54
1999,"N","3","9","3",1,8.004,0,0,6,2,159,4082.841
1999,"N","3","10","4",2,33.858,0,0,8,2,166,4364.571
1999,"N","3","11","4",1,7.437,0,0,17,2,262,8239.608
1999,"N","3","12","4",10,333.17,1,7.824,16,2,266,9072.974
1999,"S","2","1","1",104,4996.204,2,78.36,18,1,439,20477.537
1999,"S","2","2","1",80,3391.981,4,164.36,20,1,342,16018.924
1999,"S","2","3","1",39,1705.982,0,0,7,1,221,9992.611
1999,"S","2","4","2",49,2955.628,2,216.504,11,1,255,13210.668
1999,"S","2","5","2",95,4676.692,2,48.8,22,1,502,23829.485
1999,"S","2","6","2",117,5325.506,9,388.14,9,0,117,5325.506
1999,"S","2","7","3",42,2214.011,3,152.744,10,1,204,10606.521
1999,"S","2","8","3",20,1038.747,2,30.727,15,1,148,6816.912
1999,"S","2","9","3",40,2087.906,1,39.24,8,1,177,8707.248
1999,"S","2","10","4",43,2163.968,2,84.552,8,1,237,11495.407
1999,"S","2","11","4",49,2376.1,2,71.472,24,1,306,15204.132
1999,"S","2","12","4",52,2143.014,5,134.791,15,1,323,15627.79
1999,"S","3","1","1",53,1714.291,2,41.406,10,1,208,6746.101
1999,"S","3","2","1",40,1128.486,2,7.992,5,1,165,5266.119
1999,"S","3","3","1",35,972.394,4,166.083,6,1,156,3849.762
1999,"S","3","4","2",23,482.273,3,47.222,7,1,106,2565.062
1999,"S","3","5","2",21,604.529,0,0,6,1,129,3555.73
1999,"S","3","6","2",33,724.457,1,8.784,10,1,143,4249.769
1999,"S","3","7","3",23,637.599,0,0,71,3,1308,34784.506
1999,"S","3","8","3",27,727.751,1,24.9,6,1,155,3849.581
1999,"S","3","9","3",36,983.134,2,164.486,6,1,145,3746.248
1999,"S","3","10","4",39,1104.425,3,60.43,7,1,159,4233.114
1999,"S","3","11","4",54,1678.26,4,91.046,17,1,252,8034.681
1999,"S","3","12","4",57,1465.472,7,139.67,7,0,57,1465.472
2000,"N","1","1","1",82,389.461,4,4.749,28,1,455,2328.623
2000,"N","1","2","1",83,343.75,3,2.12,22,1,449,1751.819
2000,"N","1","3","1",89,443.454,1,2.5,15,1,455,2193.039
2000,"N","1","4","2",86,428.754,3,9.999,21,1,478,2448.641
2000,"N","1","5","2",101,568.286,6,26.567,6,0,101,568.286
2000,"N","1","6","2",131,648.988,8,57.54,8,0,131,648.988
2000,"N","1","7","3",112,759.521,7,96.415,7,0,112,759.521
2000,"N","1","8","3",105,714.593,3,53.572,26,1,525,3694.237
2000,"N","1","9","3",106,695.816,4,71.198,22,1,467,3175.36
2000,"N","1","10","4",98,663.673,3,6.9,22,1,476,3125.037
2000,"N","1","11","4",79,507.71,4,47.642,15,1,411,2467.822
2000,"N","1","12","4",83,371.096,1,7.824,16,1,417,2045.417
2000,"N","2","1","1",108,4901.512,2,30.048,21,1,481,24480.393
2000,"N","2","2","1",115,6048.125,4,158.544,25,1,481,25257.3
2000,"N","2","3","1",99,5415.826,7,564.72,7,0,99,5415.826
2000,"N","2","4","2",101,5340.348,6,298.464,6,0,101,5340.348
2000,"N","2","5","2",52,3518.506,1,51,11,1,250,14504.085
2000,"N","2","6","2",59,3119.365,3,102.747,11,1,239,11874.016
2000,"N","2","7","3",65,3815.73,3,94.236,13,1,268,13753.262
2000,"N","2","8","3",54,3071.837,2,67.472,10,1,250,12136.483
2000,"N","2","9","3",47,2492.681,0,0,7,1,177,8654.196
2000,"N","2","10","4",30,1316.214,0,0,8,1,181,8397.47
2000,"N","2","11","4",48,2270.953,2,56.8,13,1,353,17940.817
2000,"N","2","12","4",108,5110.015,9,609.696,9,0,108,5110.015
2000,"N","3","1","1",17,416.181,1,39.417,12,2,277,8965.399
2000,"N","3","2","1",25,754.586,0,0,9,2,259,8293.185
2000,"N","3","3","1",16,1096.713,1,10.26,5,1,61,2614.118
2000,"N","3","4","2",15,726.739,1,39.393,7,2,154,4449.323
2000,"N","3","5","2",11,151.444,3,93.86,10,2,168,4606.571
2000,"N","3","6","2",2,9.096,0,0,11,2,181,4764.767
2000,"N","3","7","3",3,14.61,0,0,5,2,182,4771.582
2000,"N","3","8","3",5,51.737,0,0,7,2,198,4270.079
2000,"N","3","9","3",8,177.057,0,0,6,2,168,3982.748
2000,"N","3","10","4",1,9.255,0,0,6,2,179,4282.286
2000,"N","3","11","4",2,32.46,0,0,18,2,278,8052.675
2000,"N","3","12","4",1,6.78,0,0,18,2,281,8976.896
2000,"S","1","2","1",2,11.508,0,0,22,2,455,1776.827
2000,"S","1","6","2",6,17.049,0,0,26,2,565,3354.011
2000,"S","1","7","3",1,1.35,0,0,45,2,585,3843.996
2000,"S","1","10","4",2,12.042,0,0,22,2,478,3137.079
2000,"S","1","11","4",2,9.45,1,8.1,16,2,413,2477.272
2000,"S","2","1","1",49,2261.352,5,261.6,13,1,348,16308.726
2000,"S","2","2","1",42,2079.255,4,208.44,16,1,273,13096.601
2000,"S","2","3","1",56,2607.184,2,85.9,6,1,181,8530.895
2000,"S","2","4","2",37,2211.525,3,84.348,9,1,188,10543.314
2000,"S","2","5","2",132,6088.118,8,299.696,8,0,132,6088.118
2000,"S","2","6","2",122,6351.16,5,227.28,23,1,405,20811.76
2000,"S","2","7","3",44,2300.24,0,0,7,1,176,8688.005
2000,"S","2","8","3",32,1468.324,1,36.288,13,1,127,5925.645
2000,"S","2","9","3",22,1315.787,0,0,10,1,142,7260.346
2000,"S","2","10","4",46,2041.433,2,75.036,6,1,215,9917.304
2000,"S","2","11","4",69,3279.37,8,401.982,8,0,69,3279.37
2000,"S","2","12","4",76,3460.869,4,168.868,16,1,304,15355.405
2000,"S","3","1","1",36,1193.623,2,61.56,9,1,244,8315.645
2000,"S","3","2","1",26,1175.369,0,0,9,1,201,6696.25
2000,"S","3","3","1",29,672.084,0,0,9,1,190,4684.492
2000,"S","3","4","2",13,410.488,0,0,6,1,109,2649.046
2000,"S","3","5","2",27,872.119,2,40.299,7,1,131,3677.636
2000,"S","3","6","2",27,1010.004,1,162.504,10,1,159,4383.555
2000,"S","3","7","3",41,1120.692,2,14.652,5,1,157,4416.45
2000,"S","3","8","3",46,1134.734,1,2.688,5,1,169,3764.414
2000,"S","3","9","3",30,878.461,2,44.187,5,1,151,3654.138
2000,"S","3","10","4",30,790.055,0,0,6,1,173,4182.949
2000,"S","3","11","4",43,1177.707,0,0,18,1,269,7965.708
2000,"S","3","12","4",43,1532.259,3,55.602,17,1,268,8631.564
2001,"N","1","1","1",77,417.437,4,48.852,26,1,400,2144.141
2001,"N","1","2","1",76,324.955,2,4.6,22,1,418,1755.018
2001,"N","1","3","1",75,338.46,2,16.553,16,1,424,2204.935
2001,"N","1","4","2",94,570.39,4,27.81,23,1,447,2593.138
2001,"N","1","5","2",90,642.247,5,13.393,23,1,462,2790.622
2001,"N","1","6","2",96,690.116,5,35.987,25,1,519,3086.348
2001,"N","1","7","3",100,778.339,11,88.031,11,0,100,778.339
2001,"N","1","8","3",95,726.344,5,54.192,22,1,480,3626.115
2001,"N","1","9","3",77,642.882,4,14.72,21,1,434,3065.189
2001,"N","1","10","4",86,631.927,5,30.73,23,1,438,3110.768
2001,"N","1","11","4",72,504.839,3,7.445,15,1,378,2405.124
2001,"N","1","12","4",85,433.479,3,34.538,10,1,369,1872.155
2001,"N","2","1","1",95,5049.23,5,113.714,22,1,460,24051.99
2001,"N","2","2","1",81,4816.811,2,69.9,22,1,463,24768.142
2001,"N","2","3","1",122,6155.679,3,135.2,29,1,493,27431.003
2001,"N","2","4","2",77,4415.087,4,340.412,26,1,387,21793.069
2001,"N","2","5","2",58,2961.829,3,260.574,12,1,237,13723.898
2001,"N","2","6","2",41,2044.185,2,41.408,9,1,214,11224.533
2001,"N","2","7","3",43,1962.165,1,52.32,9,1,245,12699.792
2001,"N","2","8","3",46,1940.396,0,0,12,1,229,10988.171
2001,"N","2","9","3",34,1437.258,1,136.032,8,2,288,13873.85
2001,"N","2","10","4",48,2339.904,2,79.152,5,1,165,7072.523
2001,"N","2","11","4",95,4587.811,3,175.272,10,1,326,15541.334
2001,"N","2","12","4",105,5341.635,9,494.172,9,0,105,5341.635
2001,"N","3","1","1",5,85.681,1,13.3,13,2,262,8123.707
2001,"N","3","2","1",9,288.495,0,0,9,2,260,7744.322
2001,"N","3","3","1",9,297.794,2,40.767,13,2,224,6573.276
2001,"N","3","4","2",5,105.745,0,0,5,2,152,3820.586
2001,"N","3","5","2",2,23.604,0,0,11,2,157,3860.884
2001,"N","3","6","2",3,18.902,0,0,9,2,166,4086.899
2001,"N","3","7","3",8,105.88,0,0,5,2,167,3822.219
2001,"N","3","8","3",10,266.833,0,0,8,2,183,3623.058
2001,"N","3","9","3",3,126.701,0,0,6,2,165,3616.417
2001,"N","3","10","4",2,27.664,0,0,8,2,171,3457.059
2001,"N","3","11","4",2,24.21,0,0,14,2,247,6560.32
2001,"N","3","12","4",2,5.382,0,0,19,2,259,7204.542
2001,"S","1","1","1",1,3.6,0,0,26,2,405,2170.521
2001,"S","1","3","1",2,38.8,0,0,16,2,435,2285.975
2001,"S","1","4","2",2,18.2,1,16.8,24,2,455,2628.44
2001,"S","1","5","2",3,17.198,0,0,23,2,465,2807.82
2001,"S","1","6","2",2,6.6,0,0,25,2,527,3109.997
2001,"S","1","8","3",5,13.5,0,0,22,2,485,3639.615
2001,"S","1","9","3",2,9.6,0,0,21,2,436,3074.789
2001,"S","1","12","4",2,2.7,1,1.35,11,2,371,1874.855
2001,"S","2","1","1",83,3459.741,3,143.88,13,1,350,16098.469
2001,"S","2","2","1",54,2837.066,7,409.408,7,0,54,2837.066
2001,"S","2","3","1",40,1894.758,1,99.45,9,1,199,9540.432
2001,"S","2","4","2",56,2809.045,3,108.072,9,1,187,10034.393
2001,"S","2","5","2",56,3012.991,2,268.22,20,1,457,22069.45
2001,"S","2","6","2",21,1512.911,1,35.616,21,1,437,22416.767
2001,"S","2","7","3",21,964.066,0,0,9,1,218,10777.97
2001,"S","2","8","3",14,535.009,1,111.456,8,1,118,5522.063
2001,"S","2","9","3",14,713.605,2,195.856,5,1,131,6995.367
2001,"S","2","10","4",16,675.792,0,0,11,1,212,9593.848
2001,"S","2","11","4",43,1999.516,3,228,23,1,302,14085.866
2001,"S","2","12","4",50,2775.389,1,138.78,16,1,303,15382.788
2001,"S","3","1","1",56,2201.19,1,23.451,10,1,228,7455.953
2001,"S","3","2","1",47,1627.492,2,68.889,9,1,195,6024.467
2001,"S","3","3","1",36,1018.067,1,31.968,9,1,163,3959.074
2001,"S","3","4","2",30,850.139,1,8.79,5,2,152,3820.586
2001,"S","3","5","2",41,1107.602,3,82.96,7,1,123,3225.871
2001,"S","3","6","2",40,1276.855,4,198.946,8,1,141,3613.976
2001,"S","3","7","3",33,805.418,1,3.6,5,1,132,3233.521
2001,"S","3","8","3",29,599.276,1,39.048,5,1,148,2994.623
2001,"S","3","9","3",31,640.468,0,0,5,1,144,3267.971
2001,"S","3","10","4",31,736.04,2,32.16,6,1,159,3359.834
2001,"S","3","11","4",69,2511.564,6,310.474,6,0,69,2511.564
2001,"S","3","12","4",81,3019.998,3,117.714,18,1,245,6855.466
2002,"N","1","1","1",70,448.577,6,19.822,6,0,70,448.577
2002,"N","1","2","1",74,280.94,4,15.129,14,1,363,1812.065
2002,"N","1","3","1",65,397.334,2,14.814,17,1,385,2215.018
2002,"N","1","4","2",89,569.089,7,49.352,7,0,89,569.089
2002,"N","1","5","2",79,493.93,7,23.272,7,0,79,493.93
2002,"N","1","6","2",84,586.631,1,0.96,25,1,485,3074.017
2002,"N","1","7","3",99,704.301,7,40.998,7,0,99,704.301
2002,"N","1","8","3",84,745.364,5,55.357,19,1,450,3516.542
2002,"N","1","9","3",73,594.639,3,3.25,15,1,389,2897.041
2002,"N","1","10","4",76,563.32,2,8.632,19,1,415,3160.911
2002,"N","1","11","4",66,405.941,4,67.732,17,1,363,2412.69
2002,"N","1","12","4",60,361.07,3,10.82,11,1,342,1764.635
2002,"N","2","1","1",90,5132.758,4,233.187,24,1,483,25471.096
2002,"N","2","2","1",80,4502.286,5,447.654,21,1,460,26244.28
2002,"N","2","3","1",87,5292.071,8,379.47,8,0,87,5292.071
2002,"N","2","4","2",63,3743.006,4,180.378,28,1,370,22182.139
2002,"N","2","5","2",36,2571.186,5,353,11,1,243,14399.29
2002,"N","2","6","2",35,1986.262,2,67.92,11,1,214,11911.795
2002,"N","2","7","3",29,1392.026,2,102,7,1,230,11905.523
2002,"N","2","8","3",27,1752.916,4,138.768,13,1,229,11500.397
2002,"N","2","9","3",26,1101.35,1,29.832,7,1,188,8783.262
2002,"N","2","10","4",25,1179.318,1,140.25,8,1,221,8983.68
2002,"N","2","11","4",45,2076.336,0,0,10,1,336,15328.62
2002,"N","2","12","4",86,5010.851,4,244.63,35,1,534,26981.947
2002,"N","3","1","1",10,142.402,1,8.424,12,2,229,6679.895
2002,"N","3","2","1",16,295.788,0,0,9,2,233,6726.292
2002,"N","3","3","1",16,496.172,0,0,8,2,201,5359.77
2002,"N","3","4","2",10,149.061,0,0,65,3,1122,37394.526
2002,"N","3","5","2",5,46.128,0,0,13,2,149,3544.164
2002,"N","3","6","2",4,35.332,0,0,8,2,144,3697.58
2002,"N","3","7","3",6,57.312,0,0,9,2,161,3783.53
2002,"N","3","8","3",7,117.792,1,10.008,10,2,193,3813.935
2002,"N","3","9","3",5,16.848,1,3.408,32,3,874,22829.049
2002,"N","3","11","4",1,1.2,0,0,11,2,238,6045.214
2002,"S","1","1","1",2,7.9,0,0,20,2,370,2135.658
2002,"S","1","2","1",4,13.5,0,0,15,2,375,1856.033
2002,"S","1","3","1",6,22.8,0,0,17,2,396,2296.058
2002,"S","1","4","2",5,15.902,0,0,25,2,418,2621.218
2002,"S","2","1","1",49,2398.01,1,57.87,17,1,337,15984.3
2002,"S","2","2","1",45,2312.14,0,0,23,1,269,13487.275
2002,"S","2","3","1",24,1575.853,2,261.792,14,1,213,10604.581
2002,"S","2","4","2",14,792.652,0,0,9,1,181,9333.167
2002,"S","2","5","2",50,2391.294,3,157.56,19,1,394,18659.82
2002,"S","2","6","2",48,2400.183,4,116.152,12,1,348,18349.37
2002,"S","2","7","3",26,961.68,2,26.256,7,1,204,10042.46
2002,"S","2","8","3",14,802.699,1,83.49,7,1,133,6218.317
2002,"S","2","9","3",15,750.304,2,74.784,6,1,131,7417.233
2002,"S","2","10","4",35,1295.5,1,39.3,12,1,232,10579.003
2002,"S","2","11","4",48,2268.628,4,257.04,25,1,343,16317.79
2002,"S","2","12","4",46,2584.39,2,58.112,14,1,336,17295.167
2002,"S","3","1","1",59,2045.275,3,121.427,9,1,192,5999.922
2002,"S","3","2","1",57,1935.148,4,91.32,8,1,170,5127.089
2002,"S","3","3","1",52,1214.533,3,41.503,5,1,139,3163.284
2002,"S","3","4","2",22,333.643,0,0,65,3,1122,37394.526
2002,"S","3","5","2",20,406.69,2,37.944,9,1,117,2870.625
2002,"S","3","6","2",30,420.662,1,18.12,8,1,117,3132.786
2002,"S","3","7","3",23,453.737,1,75.47,7,1,124,3232.443
2002,"S","3","8","3",30,284.358,1,1.299,7,1,145,2917.883
2002,"S","3","9","3",29,428.799,1,14.04,32,3,874,22829.049
2002,"S","3","10","4",32,381.477,0,0,5,1,145,3144.594
2002,"S","3","11","4",31,379.929,2,3.8,11,1,222,5780.203
2002,"S","3","12","4",30,361.8,2,48.84,11,1,220,6179.903
2003,"N","1","1","1",63,403.307,4,27.96,18,1,357,2196.667
2003,"N","1","2","1",71,397.283,4,11.79,12,1,341,1853.371
2003,"N","1","3","1",86,511.638,7,12.677,7,0,86,511.638
2003,"N","1","4","2",77,487.59,6,19.199,6,0,77,487.59
2003,"N","1","5","2",77,551.765,1,1.4,25,1,404,3011.329
2003,"N","1","6","2",84,513.515,4,26.192,23,1,431,2942.216
2003,"N","1","7","3",90,657.972,3,26.177,31,1,492,3247.743
2003,"N","1","8","3",79,695.485,4,4.21,21,1,438,3495.389
2003,"N","1","9","3",73,519.257,2,21.803,15,1,351,2659.58
2003,"N","1","10","4",71,661.204,4,88.436,20,1,381,2799.149
2003,"N","1","11","4",74,476.747,1,0.4,14,1,362,2247.744
2003,"N","1","12","4",54,319.985,0,0,12,1,304,1644.58
2003,"N","2","1","1",77,4418.997,6,501.33,6,0,77,4418.997
2003,"N","2","2","1",87,4825.704,3,253.07,21,1,479,26769.881
2003,"N","2","3","1",86,5221.111,5,167.704,22,1,492,28103.645
2003,"N","2","4","2",68,4331.479,7,652.881,7,0,68,4331.479
2003,"N","2","5","2",46,2678.125,2,143.16,16,1,255,14265.366
2003,"N","2","6","2",34,1824.073,2,46.776,13,1,225,12777.953
2003,"N","2","7","3",47,2609.38,0,0,8,1,239,11333.71
2003,"N","2","8","3",45,1919.017,2,16.425,12,1,232,11596.002
2003,"N","2","9","3",31,948.616,0,0,9,1,180,7791.86
2003,"N","2","10","4",30,832.879,0,0,11,1,253,9989.592
2003,"N","2","11","4",42,1933.217,0,0,11,1,356,16436.817
2003,"N","2","12","4",107,5199.745,8,321.534,8,0,107,5199.745
2003,"N","3","1","1",1,18,0,0,10,2,218,6103.673
2003,"N","3","2","1",7,122.92,0,0,14,2,223,5871.675
2003,"N","3","3","1",5,129.648,0,0,8,2,203,4598.522
2003,"N","3","4","2",5,95.236,0,0,65,3,1059,34475.244
2003,"N","3","5","2",6,115.278,1,12,9,2,147,3508.566
2003,"N","3","6","2",7,235.319,0,0,10,2,157,3698.679
2003,"N","3","7","3",12,239.164,0,0,8,2,155,3478.494
2003,"N","3","8","3",6,122.77,1,12,13,2,196,3527.322
2003,"N","3","9","3",4,19.836,0,0,34,3,833,21591.09
2003,"N","3","10","4",7,26.448,2,7.584,9,2,179,3652.493
2003,"N","3","11","4",4,33.168,0,0,13,2,242,6135.2
2003,"N","3","12","4",1,3.744,0,0,12,2,242,6064.444
2003,"S","1","1","1",2,14.88,0,0,18,2,364,2233.047
2003,"S","1","2","1",3,12.96,1,6.48,13,2,351,1885.831
2003,"S","1","3","1",3,19.44,0,0,21,2,366,2279.138
2003,"S","1","4","2",1,1.2,0,0,25,2,393,2576.999
2003,"S","2","1","1",65,2983.162,2,90.24,13,1,335,16148.568
2003,"S","2","2","1",54,2442.023,4,158.25,20,1,263,13543.002
2003,"S","2","3","1",40,1756.655,4,142.62,12,1,183,9748.334
2003,"S","2","4","2",31,1265.543,1,59.8,7,1,162,7673.746
2003,"S","2","5","2",124,5900.355,5,182.701,11,1,282,13934.508
2003,"S","2","6","2",129,6827.007,2,102,9,1,247,13062.797
2003,"S","2","7","3",85,4337.973,4,104.634,7,1,201,9661.011
2003,"S","2","8","3",38,1677.284,3,86.901,8,1,127,5170.705
2003,"S","2","9","3",40,2127.765,0,0,6,1,137,7459.64
2003,"S","2","10","4",72,3417.155,6,322.334,6,0,72,3417.155
2003,"S","2","11","4",93,4162.252,6,401.151,6,0,93,4162.252
2003,"S","2","12","4",79,4419.126,4,298.4,14,1,309,16701.134
2003,"S","3","1","1",24,301.574,2,13.005,8,1,189,5556.839
2003,"S","3","2","1",25,157.972,1,8.136,10,1,172,4621.026
2003,"S","3","3","1",11,81.996,1,6.12,6,1,144,3114.194
2003,"S","3","4","2",22,158.9,0,0,65,3,1059,34475.244
2003,"S","3","5","2",14,234.931,0,0,8,1,111,2466.431
2003,"S","3","6","2",11,181.998,1,29.04,10,1,115,2512.381
2003,"S","3","7","3",12,216.075,1,15.6,6,1,111,2525.917
2003,"S","3","8","3",16,248.504,1,2.4,10,1,136,2168.985
2003,"S","3","9","3",18,337.109,0,0,34,3,833,21591.09
2003,"S","3","10","4",27,347.837,1,2.052,7,1,151,3049.52
2003,"S","3","11","4",40,714.385,2,6,13,1,217,5545.865
2003,"S","3","12","4",34,475.937,3,43.323,12,1,223,5377.987
2004,"N","1","1","1",71,440.496,2,19.354,18,1,332,2143.334
2004,"N","1","2","1",59,465.137,1,4.12,11,1,322,1769.241
2004,"N","1","3","1",70,524.132,5,52.04,20,1,340,2144.514
2004,"N","1","4","2",64,530.093,4,30.626,23,1,357,2281.713
2004,"N","1","5","2",92,722.922,8,21.893,8,0,92,722.922
2004,"N","1","6","2",90,634.767,7,44.553,7,0,90,634.767
2004,"N","1","7","3",126,636.186,8,38.926,8,0,126,636.186
2004,"N","1","8","3",87,634.756,2,12.756,19,1,418,3389.152
2004,"N","1","9","3",60,444.447,2,6.102,14,1,356,2580.025
2004,"N","1","10","4",84,640.787,5,43.732,22,1,364,2619.732
2004,"N","1","11","4",72,517.453,5,53.941,15,1,353,2150.103
2004,"N","1","12","4",60,279.005,4,19.836,10,1,275,1565.544
2004,"N","2","1","1",113,5968.599,7,410.672,7,0,113,5968.599
2004,"N","2","2","1",97,6051.354,7,391.65,7,0,97,6051.354
2004,"N","2","3","1",99,5516.32,0,0,23,1,486,27251.25
2004,"N","2","4","2",61,4352.219,7,335.796,7,0,61,4352.219
2004,"N","2","5","2",51,2669.644,0,0,18,1,253,14316.663
2004,"N","2","6","2",45,2937.91,2,104.64,14,1,225,13191.644
2004,"N","2","7","3",46,2126.222,1,39.24,10,1,247,12095.138
2004,"N","2","8","3",57,2816.231,5,325.008,14,1,228,12157.293
2004,"N","2","9","3",50,2803.357,5,446.405,14,1,189,8290.841
2004,"N","2","10","4",88,3315.365,5,127.824,13,1,228,9035.078
2004,"N","2","11","4",106,4460.303,5,198.916,9,1,304,13753.046
2004,"N","2","12","4",128,6319.701,5,538.84,22,1,516,25818.191
2004,"N","3","1","1",4,17.709,0,0,9,2,194,4595.21
2004,"N","3","2","1",6,137.414,1,3,5,1,54,1384.667
2004,"N","3","3","1",16,176.159,0,0,8,2,200,4253.231
2004,"N","3","4","2",12,297.696,1,5.232,5,2,158,2890.362
2004,"N","3","5","2",8,337.085,0,0,9,2,129,3128.533
2004,"N","3","6","2",11,266.145,0,0,10,2,146,3171.284
2004,"N","3","7","3",8,134.121,2,9.885,8,2,140,3320.345
2004,"N","3","8","3",20,336.92,1,1.992,12,2,177,3247.786
2004,"N","3","9","3",9,269.272,0,0,7,2,149,3396.051
2004,"N","3","10","4",9,243.027,0,0,9,2,174,3656.574
2004,"N","3","11","4",7,173.973,0,0,9,2,207,4459.232
2004,"N","3","12","4",11,367.374,0,0,9,2,192,3723.795
2004,"S","1","1","1",2,10,0,0,18,2,338,2176.114
2004,"S","1","2","1",3,6,0,0,12,2,332,1801.701
2004,"S","2","1","1",91,4882.035,6,282.744,6,0,91,4882.035
2004,"S","2","2","1",74,3816.791,8,540.954,8,0,74,3816.791
2004,"S","2","3","1",53,2770.131,5,267.555,14,1,170,9592.511
2004,"S","2","4","2",43,2254.402,2,287.28,5,1,141,6440.495
2004,"S","2","5","2",32,1267.062,1,16.56,10,1,260,12436.559
2004,"S","2","6","2",28,1258.109,0,0,10,1,266,13724.654
2004,"S","2","7","3",28,1478.501,1,51,11,1,225,11029.893
2004,"S","2","8","3",35,1735.001,1,52.32,7,1,165,6865.205
2004,"S","2","9","3",40,2509.772,2,103.52,9,1,182,9701.498
2004,"S","2","10","4",63,3149.123,3,182.088,14,1,304,13621.299
2004,"S","2","11","4",90,4608.024,4,207.96,22,1,349,16743.188
2004,"S","2","12","4",85,4055.393,3,156.02,17,1,317,16842.468
2004,"S","3","1","1",17,258.26,1,3.408,7,1,162,3861.179
2004,"S","3","2","1",15,231.108,1,30.12,13,1,155,3395.477
2004,"S","3","3","1",11,176.604,0,0,7,1,140,2836.406
2004,"S","3","4","2",19,130.355,0,0,5,2,158,2890.362
2004,"S","3","5","2",15,249.283,2,55.548,7,1,89,1843.102
2004,"S","3","6","2",9,243.267,1,30.72,9,1,100,1731.241
2004,"S","3","7","3",15,636.521,2,89.73,6,1,104,2473.648
2004,"S","3","8","3",24,651.011,3,117.168,9,1,125,2138.9
2004,"S","3","9","3",27,827.362,0,0,6,1,119,2740.47
2004,"S","3","10","4",25,889.185,2,33.432,7,1,147,3063.199
2004,"S","3","11","4",39,996.618,1,8.388,9,1,184,3894.107
2004,"S","3","12","4",32,789.909,0,0,9,1,172,3008.674
2005,"N","1","1","1",76,486.85,2,6.373,16,1,301,2056.508
2005,"N","1","2","1",61,385.056,1,0.87,8,1,295,1790.493
2005,"N","1","3","1",59,426.534,5,63.544,21,1,331,2168.719
2005,"N","1","4","2",61,384.535,3,27.9,18,1,310,1976.358
2005,"N","1","5","2",66,600.465,4,13.886,19,1,363,2792.796
2005,"N","1","6","2",77,517.187,6,20.86,6,0,77,517.187
2005,"N","1","7","3",77,470.945,2,51.88,22,1,456,2941.239
2005,"N","1","8","3",93,693.44,5,39.323,19,1,412,3302.522
2005,"N","1","9","3",68,458.355,4,48.223,15,1,363,2542.05
2005,"N","1","10","4",64,301.911,4,5.226,24,1,353,2674.169
2005,"N","1","11","4",78,342.764,1,6,17,1,343,2174.356
2005,"N","1","12","4",45,251.041,2,7.764,10,1,264,1568.061
2005,"N","2","1","1",129,6819.989,5,208.56,30,1,523,26897.974
2005,"N","2","2","1",134,6573.726,4,352.296,22,1,516,27250.711
2005,"N","2","3","1",98,5918.464,6,533.744,6,0,98,5918.464
2005,"N","2","4","2",72,4244.076,7,277.592,7,0,72,4244.076
2005,"N","2","5","2",64,3384.582,6,582.658,6,0,64,3384.582
2005,"N","2","6","2",70,3985.523,5,331.74,14,1,236,13136.188
2005,"N","2","7","3",74,3243.917,4,285.08,10,1,264,12687.805
2005,"N","2","8","3",57,3167.442,1,51.84,12,1,241,12783.475
2005,"N","2","9","3",39,1501.279,2,57.552,16,1,197,9077.893
2005,"N","2","10","4",62,2322.126,3,80.568,15,1,238,9134.556
2005,"N","2","11","4",68,3379.15,3,150.352,10,1,287,12860.61
2005,"N","2","12","4",125,5811.2,5,245.82,20,1,493,24460.654
2005,"N","3","1","1",9,283.042,0,0,6,2,146,2708.752
2005,"N","3","2","1",13,406.032,3,80.337,5,1,41,1185.161
2005,"N","3","3","1",13,384.555,0,0,7,2,156,2883.177
2005,"N","3","4","2",16,527.205,0,0,7,2,146,2707.431
2005,"N","3","5","2",15,520.04,0,0,10,2,126,3066.362
2005,"N","3","6","2",17,630.6,0,0,9,2,129,2977.958
2005,"N","3","7","3",10,416.1,0,0,8,2,140,3032.769
2005,"N","3","8","3",17,514.022,0,0,12,2,165,3106.439
2005,"N","3","9","3",11,346.455,0,0,5,2,134,3186.901
2005,"N","3","10","4",10,305.834,0,0,10,2,173,3607.81
2005,"N","3","11","4",11,356.784,0,0,10,2,210,4424.37
2005,"N","3","12","4",5,309.957,0,0,9,2,186,3636.979
2005,"S","2","1","1",47,2425.62,1,51,12,1,325,16218.273
2005,"S","2","2","1",36,2134.982,1,51.84,17,1,259,12760.191
2005,"S","2","3","1",26,1750.937,0,0,14,1,177,9819.679
2005,"S","2","4","2",18,552.104,1,72.24,6,1,172,7922.709
2005,"S","2","5","2",20,1362.806,0,0,7,1,276,13366.077
2005,"S","2","6","2",21,1064.587,2,48.538,11,1,301,15087.514
2005,"S","2","7","3",41,1918.791,0,0,14,1,257,12516.241
2005,"S","2","8","3",26,420.712,2,14.8,9,1,196,8169.527
2005,"S","2","9","3",28,1358.194,0,0,10,1,213,11638.458
2005,"S","2","10","4",33,1576.898,1,25.8,15,1,339,16596.171
2005,"S","2","11","4",52,2809.747,1,52.32,25,1,406,19148.699
2005,"S","2","12","4",49,2866.836,4,306.912,17,1,348,18910.702
2005,"S","3","1","1",33,750.54,1,1.12,5,1,121,2103.738
2005,"S","3","2","1",28,669.306,2,46.014,9,1,116,1649.055
2005,"S","3","3","1",34,622.994,1,7.224,7,2,156,2883.177
2005,"S","3","4","2",22,490.652,2,68.64,5,1,97,1258.969
2005,"S","3","5","2",21,467.925,1,14.154,6,1,84,1648.02
2005,"S","3","6","2",25,389.599,3,8.132,8,1,83,1491.547
2005,"S","3","7","3",28,414.166,1,1.2,6,1,105,2190.514
2005,"S","3","8","3",37,385.836,4,43.17,10,1,117,2060.802
2005,"S","3","9","3",26,657.56,2,145.38,5,1,107,2506.648
2005,"S","3","10","4",36,694.981,2,64.128,8,1,145,3012.035
2005,"S","3","11","4",38,943.369,2,12.02,10,1,185,3823.139
2005,"S","3","12","4",46,730.343,4,80.816,9,1,165,2868.02
2006,"N","1","1","1",52,364.104,4,11.072,16,1,298,2052.346
2006,"N","1","2","1",57,240.825,1,3.028,10,1,278,1778.056
2006,"N","1","3","1",60,284.876,1,7.076,16,1,296,1991.694
2006,"N","1","4","2",66,310.406,3,28.09,14,1,294,1869.931
2006,"N","1","5","2",80,518.362,3,28.692,22,1,354,2797.961
2006,"N","1","6","2",81,479.554,7,79.049,7,0,81,479.554
2006,"N","1","7","3",84,564.874,5,15.154,24,1,446,2968.316
2006,"N","1","8","3",75,620.107,3,22.314,20,1,418,3320.305
2006,"N","1","9","3",82,563.327,3,6.753,17,1,356,2428.375
2006,"N","1","10","4",69,452.51,7,56.659,7,0,69,452.51
2006,"N","1","11","4",63,407.198,4,39.83,20,1,337,2175.082
2006,"N","1","12","4",56,354.443,1,1.25,11,1,274,1651.254
2006,"N","2","1","1",114,5686.675,4,299.55,27,1,514,26186.378
2006,"N","2","2","1",104,5765.725,5,256.59,24,1,532,27217.391
2006,"N","2","3","1",116,5303.284,4,130.175,22,1,523,26317.984
2006,"N","2","4","2",70,3530.934,3,128.88,27,1,348,20355.346
2006,"N","2","5","2",56,3013.126,5,323.18,19,1,282,14445.245
2006,"N","2","6","2",41,2457.876,3,208.272,15,1,247,13415.964
2006,"N","2","7","3",51,2723.593,3,107.184,12,1,281,12788.144
2006,"N","2","8","3",42,2501.687,2,103.68,14,1,242,13495.52
2006,"N","2","9","3",43,1936.239,6,140.688,6,0,43,1936.239
2006,"N","2","10","4",23,1385.39,4,196.2,15,1,233,9219.059
2006,"N","2","11","4",43,1904.04,1,6.36,10,1,272,12466.667
2006,"N","2","12","4",70,3476.694,0,0,16,1,443,22077.818
2006,"N","3","1","1",8,272.878,1,39.18,59,3,1276,47953.394
2006,"N","3","2","1",12,422.513,1,117.32,6,1,37,1073.742
2006,"N","3","3","1",10,230.291,1,1.6,7,2,157,3048.274
2006,"N","3","4","2",11,338.282,0,0,8,2,136,2911.056
2006,"N","3","5","2",6,266.9,1,1.22,10,2,121,3137.627
2006,"N","3","6","2",7,272.647,1,3.78,8,2,124,2728.439
2006,"N","3","8","3",2,17.382,0,0,10,2,154,2941.969
2006,"N","3","9","3",1,3.17,0,0,5,2,119,3018.926
2006,"N","3","10","4",1,18.066,0,0,7,2,154,3412.13
2006,"N","3","12","4",3,34.046,0,0,8,2,174,3684.225
2006,"S","2","1","1",57,3052.058,2,156.02,12,1,328,17034.503
2006,"S","2","2","1",48,2036.239,2,78.36,19,1,282,13790.456
2006,"S","2","3","1",27,1738.935,3,156,10,1,173,10315.006
2006,"S","2","4","2",35,1575.794,1,3.528,9,1,190,9525.736
2006,"S","2","5","2",34,1515.042,1,81.6,23,2,502,25145.762
2006,"S","2","6","2",40,2174.768,2,209.952,10,1,231,11873.827
2006,"S","2","7","3",45,2332.948,4,189.294,14,1,230,10863.556
2006,"S","2","8","3",52,2229.509,0,0,9,1,205,8683.208
2006,"S","2","9","3",59,2955.463,5,276.777,12,1,226,12740.721
2006,"S","2","10","4",101,4182.623,3,114.76,14,1,363,17884.553
2006,"S","2","11","4",66,2894.537,7,377.313,7,0,66,2894.537
2006,"S","2","12","4",58,2916.723,4,170.88,18,1,352,18380.181
2006,"S","3","1","1",29,505.53,0,0,59,3,1276,47953.394
2006,"S","3","2","1",30,401.943,5,50.9,9,1,107,1802.155
2006,"S","3","3","1",32,740.279,2,13.844,7,2,157,3048.274
2006,"S","3","4","2",19,369.332,2,196.542,6,1,87,1329.76
2006,"S","3","5","2",19,484.273,2,27.24,7,1,82,1716.307
2006,"S","3","6","2",25,495.715,3,14.93,7,1,83,1433.477
2006,"S","3","7","3",26,753.149,1,1.632,6,1,110,2171.575
2006,"S","3","8","3",18,569.191,0,0,9,1,111,2016.652
2006,"S","3","9","3",19,489.64,3,81.928,5,1,94,2297.989
2006,"S","3","10","4",27,749.719,2,10.704,7,1,131,2790.393
2006,"S","3","11","4",36,859.806,2,59.67,8,1,157,3347.363
2006,"S","3","12","4",30,650.685,0,0,8,1,151,2878.221
2007,"N","1","1","1",39,361.751,4,42.024,15,1,280,1988.315
2007,"N","1","2","1",47,302.192,1,45.8,14,1,263,1638.732
2007,"N","1","3","1",56,421.539,3,38.48,13,1,270,1840.872
2007,"N","1","4","2",42,263.734,2,43.295,15,1,286,1707.166
2007,"N","1","5","2",48,399.282,3,19.342,16,1,319,2666.176
2007,"N","1","6","2",71,422.304,8,37.849,8,0,71,422.304
2007,"N","1","7","3",79,611.262,4,7.384,23,1,394,3018.977
2007,"N","1","8","3",78,658.734,5,53.441,21,1,417,3430.196
2007,"N","1","9","3",80,556.664,4,19.88,22,1,386,2826.195
2007,"N","1","10","4",65,617.757,4,19.188,24,1,358,2647.459
2007,"N","1","11","4",56,430.194,6,27.528,6,0,56,430.194
2007,"N","1","12","4",49,363.587,3,14.486,11,1,263,1707.086
2007,"N","2","1","1",90,4003.714,8,394.01,8,0,90,4003.714
2007,"N","2","2","1",94,4034.202,3,62.46,24,1,522,25220.075
2007,"N","2","3","1",92,3917.278,7,285.294,7,0,92,3917.278
2007,"N","2","4","2",65,3301.668,4,226.252,25,1,359,19252.612
2007,"N","2","5","2",47,2459.041,1,51.84,22,1,271,14026.204
2007,"N","2","6","2",46,1930.806,2,83.304,14,1,248,12456.829
2007,"N","2","7","3",46,1984.693,2,141.604,13,1,273,12473.767
2007,"N","2","8","3",40,2379.098,2,159,9,1,223,12505.535
2007,"N","2","9","3",34,1888.402,3,157.224,16,1,178,8165.079
2007,"N","2","10","4",35,1278.796,3,74,10,1,170,6660.494
2007,"N","2","11","4",28,1183.9,1,26.4,6,1,206,9823.547
2007,"N","2","12","4",63,3653.314,2,228.576,16,1,390,19597.221
2007,"N","3","1","1",3,13.385,0,0,51,3,1201,44574.709
2007,"N","3","2","1",3,96.282,0,0,5,1,33,1024.834
2007,"N","3","3","1",5,128.461,2,63.87,8,2,146,2968.718
2007,"N","3","4","2",5,190.043,1,50.34,8,2,127,2746.505
2007,"N","3","5","2",7,179.039,2,148.02,11,2,116,2952.323
2007,"N","3","6","2",4,81.7,0,0,7,2,127,2556.215
2007,"N","3","7","3",5,52.87,0,0,55,3,1032,28428.872
2007,"N","3","8","3",3,54.543,0,0,7,2,131,2187.154
2007,"N","3","9","3",2,41.52,0,0,5,2,98,2149.477
2007,"N","3","10","4",1,2.4,0,0,5,2,127,2444.681
2007,"N","3","11","4",3,37.306,0,0,10,2,152,2958.144
2007,"N","3","12","4",1,53.838,0,0,8,2,143,2752.33
2007,"S","2","1","1",65,2875.398,1,39.18,9,1,307,15727.021
2007,"S","2","2","1",47,2330.156,2,78.72,14,1,269,12795.662
2007,"S","2","3","1",31,1803.021,2,104.64,5,1,149,9300.586
2007,"S","2","4","2",45,2274.866,1,51.84,7,1,194,9771.681
2007,"S","2","5","2",66,3320.812,0,0,7,1,242,12499.997
2007,"S","2","6","2",83,3763.043,5,191.469,13,1,254,13240.616
2007,"S","2","7","3",58,2448.028,5,228.33,15,1,234,10653.238
2007,"S","2","8","3",45,2107.021,3,149.088,10,1,202,8379.828
2007,"S","2","9","3",46,2687.264,3,245.344,12,1,224,12074.835
2007,"S","2","10","4",70,4270.372,2,85.674,15,1,359,17548.908
2007,"S","2","11","4",105,4674.139,7,286.472,7,0,105,4674.139
2007,"S","2","12","4",77,4652.624,2,214.46,17,1,314,16896.169
2007,"S","3","1","1",18,287.834,1,3.72,51,3,1201,44574.709
2007,"S","3","2","1",18,188.726,0,0,10,1,108,1756.998
2007,"S","3","3","1",19,212.19,0,0,8,2,146,2968.718
2007,"S","3","4","2",15,109.73,1,1.296,7,1,84,1359.787
2007,"S","3","5","2",15,211.608,1,5.52,7,1,81,1736.564
2007,"S","3","6","2",13,180.968,0,0,6,1,86,1357.874
2007,"S","3","7","3",24,170.603,1,1.25,55,3,1032,28428.872
2007,"S","3","8","3",22,206.26,2,8.07,7,1,104,1521.789
2007,"S","3","9","3",17,194.977,0,0,5,1,79,1560.302
2007,"S","3","10","4",30,330.313,1,7.596,5,1,111,1956.795
2007,"S","3","11","4",32,308.961,3,76.728,10,1,136,2489.824
2007,"S","3","12","4",23,221.146,2,17.136,8,1,131,2313.7
2008,"N","1","1","1",60,399.145,4,31.468,15,1,259,1917.989
2008,"N","1","2","1",54,384.846,6,34.442,6,0,54,384.846
2008,"N","1","3","1",51,334.613,2,20.42,14,1,274,1933.241
2008,"N","1","4","2",61,381.163,2,12.388,16,1,296,1795.63
2008,"N","1","5","2",68,556.93,4,35.539,14,1,307,2470.583
2008,"N","1","6","2",74,560.273,3,7.8,29,1,361,2524.789
2008,"N","1","7","3",80,685.049,5,44.202,25,1,381,3072.83
2008,"N","1","8","3",85,713.268,5,42.412,19,1,399,3375.054
2008,"N","1","9","3",66,405.582,4,8.204,20,1,384,2873.188
2008,"N","1","10","4",84,688.493,4,26.714,26,1,363,2906.257
2008,"N","1","11","4",68,477.473,4,6.416,21,1,310,2154.374
2008,"N","1","12","4",64,403.178,1,2.85,13,1,268,1684.686
2008,"N","2","1","1",68,3707.401,3,169.56,24,1,449,22240.591
2008,"N","2","2","1",103,4792.384,5,234,24,1,477,22909.079
2008,"N","2","3","1",118,5662.638,5,183.992,24,1,503,24020.806
2008,"N","2","4","2",80,4926.449,6,335.76,6,0,80,4926.449
2008,"N","2","5","2",64,2918.852,7,207.42,7,0,64,2918.852
2008,"N","2","6","2",45,2103.849,3,96.24,10,1,233,10513.035
2008,"N","2","7","3",64,2709.719,2,143.956,10,1,231,10829.543
2008,"N","2","8","3",46,2631.062,4,70.218,9,1,201,10947.091
2008,"N","2","9","3",29,1315.659,4,157.018,15,1,179,8446.624
2008,"N","2","10","4",25,917.382,0,0,7,1,149,6120.4
2008,"N","2","11","4",27,1539.274,0,0,6,1,192,8535.41
2008,"N","2","12","4",57,2816.909,4,174.35,15,1,336,16743.931
2008,"N","3","1","1",2,22.19,0,0,53,3,1106,41676.647
2008,"N","3","2","1",3,11.501,1,1.152,10,2,109,1956.927
2008,"N","3","3","1",2,72.757,0,0,7,2,110,2223.036
2008,"N","3","4","2",5,228.07,0,0,6,2,100,1923.154
2008,"N","3","5","2",3,118.256,0,0,5,1,23,819.027
2008,"N","3","6","2",2,43.87,0,0,6,2,100,1724.82
2008,"N","3","7","3",5,53.991,0,0,5,2,104,1627.546
2008,"N","3","8","3",1,2.45,0,0,42,3,926,26567.771
2008,"N","3","9","3",2,60.52,0,0,51,3,885,26567.981
2008,"N","3","10","4",2,52.41,0,0,55,3,1006,30157.845
2008,"N","3","11","4",1,18.95,0,0,8,2,112,1809.392
2008,"N","3","12","4",3,40.789,0,0,5,2,106,2026.77
2008,"S","2","1","1",68,3799.392,2,80.568,12,1,302,15516.355
2008,"S","2","2","1",77,3472.288,6,297.72,6,0,77,3472.288
2008,"S","2","3","1",36,2251.982,0,0,7,1,154,9389.232
2008,"S","2","4","2",49,2868.57,4,249.552,6,1,211,10773.495
2008,"S","2","5","2",68,3234.795,2,78.36,9,1,260,13159.239
2008,"S","2","6","2",59,3613.32,1,51,14,1,275,14785.582
2008,"S","2","7","3",58,2685.288,4,122.23,18,1,246,11037.841
2008,"S","2","8","3",47,2190.965,3,142.86,11,1,239,10861.89
2008,"S","2","9","3",53,3230.028,2,219.96,13,1,254,13875.593
2008,"S","2","10","4",96,4705.537,5,199.5,19,1,405,19493.256
2008,"S","2","11","4",72,4690.276,1,170.18,20,1,372,19338.199
2008,"S","2","12","4",83,3888.605,5,186.288,15,1,326,17769.123
2008,"S","3","1","1",11,258.799,0,0,53,3,1106,41676.647
2008,"S","3","2","1",16,311.072,1,5.52,8,1,85,1238.054
2008,"S","3","3","1",15,303.984,1,13.32,7,2,110,2223.036
2008,"S","3","4","2",12,229.691,1,40.608,5,1,68,912.525
2008,"S","3","5","2",12,303.218,1,36.4,6,1,69,1442.319
2008,"S","3","6","2",11,123.928,0,0,5,1,71,1067.136
2008,"S","3","7","3",17,197.136,1,1.8,5,2,104,1627.546
2008,"S","3","8","3",10,204.354,0,0,42,3,926,26567.771
2008,"S","3","9","3",5,128.45,0,0,51,3,885,26567.981
2008,"S","3","10","4",13,126.195,0,0,55,3,1006,30157.845
2008,"S","3","11","4",12,238.609,0,0,8,1,107,1697.856
2008,"S","3","12","4",20,486.138,2,5.9,5,1,98,1896.828
2009,"N","1","1","1",53,376.465,1,17.304,14,1,259,1853.544
2009,"N","1","2","1",44,325.813,5,18.293,19,1,252,1642.37
2009,"N","1","3","1",44,373.31,2,9.844,15,1,267,1915.174
2009,"N","1","4","2",56,367.328,5,18.32,16,1,286,1802.381
2009,"N","1","5","2",57,591.137,2,5.135,17,1,293,2395.059
2009,"N","1","6","2",68,609.746,5,63.2,24,1,347,2580.405
2009,"N","1","7","3",74,686.847,7,54.086,7,0,74,686.847
2009,"N","1","8","3",86,744.647,3,107.439,20,1,405,3427.972
2009,"N","1","9","3",90,842.267,7,52.775,7,0,90,842.267
2009,"N","1","10","4",76,586.788,5,52.308,21,1,362,3054.194
2009,"N","1","11","4",67,448.303,3,14.75,19,1,310,2230.19
2009,"N","1","12","4",49,334.837,4,27.986,17,1,289,1842.926
2009,"N","2","1","1",83,3894.41,4,156.912,25,1,408,19965.693
2009,"N","2","2","1",87,4054.038,7,363.444,7,0,87,4054.038
2009,"N","2","3","1",98,5194.6,6,378.84,6,0,98,5194.6
2009,"N","2","4","2",72,3249.485,5,294.266,18,1,296,16029.098
2009,"N","2","5","2",40,2250.603,3,108.816,17,1,226,11871.566
2009,"N","2","6","2",46,1978.775,1,22.08,7,1,219,9524.729
2009,"N","2","7","3",38,1811.845,2,140.6,9,1,214,9694.123
2009,"N","2","8","3",38,1826.246,0,0,9,1,198,10147.64
2009,"N","2","9","3",33,1523.5,1,17.64,9,1,161,8091.963
2009,"N","2","10","4",25,756.8,0,0,22,2,528,24466.587
2009,"N","2","11","4",40,1817.183,1,15.984,7,1,185,8526.356
2009,"N","2","12","4",75,3839.104,5,198.36,17,1,311,15808.249
2009,"N","3","1","1",1,14.256,0,0,54,3,1036,38552.245
2009,"N","3","2","1",2,88.506,0,0,6,2,87,1557.506
2009,"N","3","3","1",4,133.616,1,99.732,5,2,94,1824.105
2009,"N","3","4","2",6,103.118,0,0,44,3,909,31451.903
2009,"N","3","5","2",4,131.524,1,90.7,8,2,90,2341.315
2009,"N","3","6","2",11,169.524,0,0,48,3,933,28307.362
2009,"N","3","7","3",5,151.719,0,0,5,2,90,1289.068
2009,"N","3","8","3",4,76.968,0,0,47,3,923,25233.315
2009,"N","3","9","3",3,137.51,0,0,40,3,829,25212.37
2009,"N","3","10","4",2,109.176,0,0,45,3,959,28652.048
2009,"N","3","11","4",1,55.28,0,0,6,2,87,1214.999
2009,"S","2","1","1",70,3574.553,3,154.72,13,1,297,15292.814
2009,"S","2","2","1",61,2821.997,3,142.86,12,1,244,12356.266
2009,"S","2","3","1",29,1755.711,0,0,7,1,166,9499.791
2009,"S","2","4","2",47,2500.347,0,0,6,1,232,11729.327
2009,"S","2","5","2",54,3066.542,4,208.8,12,1,260,13715.733
2009,"S","2","6","2",51,2624.898,3,50.418,14,1,276,14541.774
2009,"S","2","7","3",32,1268.183,2,47.52,17,1,246,10471.229
2009,"S","2","8","3",32,1431.621,2,57.144,15,1,245,10671.297
2009,"S","2","9","3",38,1843.886,2,60.52,11,1,237,13147.876
2009,"S","2","10","4",59,2813.478,4,207.53,19,1,387,19036.662
2009,"S","2","11","4",50,2990.998,1,52.32,16,1,387,20075.742
2009,"S","2","12","4",47,2571.381,2,90.18,14,1,316,17803
2009,"S","3","1","1",16,338.73,0,0,54,3,1036,38552.245
2009,"S","3","2","1",16,185.951,2,2.89,5,1,71,1171.71
2009,"S","3","3","1",12,139.591,0,0,5,2,94,1824.105
2009,"S","3","4","2",16,160.382,1,37.65,44,3,909,31451.903
2009,"S","3","5","2",14,269.54,2,74.904,8,2,90,2341.315
2009,"S","3","6","2",12,167.664,0,0,48,3,933,28307.362
2009,"S","3","7","3",11,73.156,0,0,5,2,90,1289.068
2009,"S","3","8","3",17,156.148,1,23.976,47,3,923,25233.315
2009,"S","3","9","3",12,89.675,0,0,40,3,829,25212.37
2009,"S","3","10","4",5,55.587,0,0,45,3,959,28652.048
2009,"S","3","11","4",18,139.079,3,31.116,6,1,76,1003.905
2009,"S","3","12","4",12,225.388,0,0,5,1,74,1341.091
2010,"N","1","1","1",55,416.524,2,3.446,13,1,295,2061.865
2010,"N","1","2","1",50,343.435,1,1.6,20,1,271,1776.544
2010,"N","1","3","1",63,518.903,6,85.204,6,0,63,518.903
2010,"N","1","4","2",71,472.999,4,28.172,19,1,314,2017.126
2010,"N","1","5","2",54,404.872,2,13.469,20,1,313,2545.648
2010,"N","1","6","2",67,452.912,6,21.719,6,0,67,452.912
2010,"N","1","7","3",64,524.798,4,32.09,22,1,371,3243.608
2010,"N","1","8","3",75,638.298,3,40.51,18,1,409,3500.72
2010,"N","1","9","3",66,505.348,2,3.849,19,1,393,3195.614
2010,"N","1","10","4",69,560.709,6,48.651,6,0,69,560.709
2010,"N","1","11","4",56,391.206,4,19.36,18,1,327,2279.448
2010,"N","1","12","4",50,228.641,4,27.239,15,1,303,1905.303
2010,"N","2","1","1",94,4948.391,5,351.384,17,1,368,18099.664
2010,"N","2","2","1",89,4262.73,4,166.26,20,1,400,19908.623
2010,"N","2","3","1",79,3943.006,2,102.2,22,1,445,22479.699
2010,"N","2","4","2",52,2910.261,2,58.776,16,1,281,15542.113
2010,"N","2","5","2",50,2681.098,3,105.6,18,1,207,11343.193
2010,"N","2","6","2",55,2041.729,1,39.24,6,1,197,8903.666
2010,"N","2","7","3",32,1599.693,1,103.68,9,1,202,8927.638
2010,"N","2","8","3",35,1608.998,1,12.25,10,1,179,8940.27
2010,"N","2","9","3",40,1782.824,1,51.84,6,1,158,7433.559
2010,"N","2","10","4",41,1782.032,0,0,19,2,505,23507.541
2010,"N","2","11","4",54,2091.013,3,96.672,7,1,195,8948.707
2010,"N","2","12","4",71,2957.91,4,156.96,18,1,283,14557.394
2010,"N","3","2","1",4,100.071,0,0,9,2,89,1752.999
2010,"N","3","3","1",5,216.873,0,0,49,3,979,35621.129
2010,"N","3","4","2",5,151.116,0,0,47,3,924,31182.62
2010,"N","3","5","2",3,123.308,1,52.07,7,2,91,2443.779
2010,"N","3","6","2",5,89.943,0,0,42,3,883,26574.214
2010,"N","3","7","3",6,107.02,2,30.24,6,2,80,1603.469
2010,"N","3","8","3",1,0.912,0,0,42,3,905,24102.02
2010,"N","3","9","3",1,18.11,0,0,33,3,849,24961.524
2010,"N","3","12","4",1,1.269,0,0,53,3,983,35405.251
2010,"S","2","1","1",42,2214.954,4,90,14,1,303,15721.267
2010,"S","2","2","1",18,1651.047,1,39.96,11,1,232,11807.859
2010,"S","2","3","1",31,1839.583,2,140.25,5,1,157,9095.553
2010,"S","2","4","2",35,1553.918,0,0,9,1,233,11480.817
2010,"S","2","5","2",38,2022.048,2,230.37,17,1,235,12550.388
2010,"S","2","6","2",42,2609.553,3,300.386,11,1,230,12973.542
2010,"S","2","7","3",53,2303.394,3,144.512,13,1,220,9915.622
2010,"S","2","8","3",63,2902.774,3,108.82,13,1,246,10531.264
2010,"S","2","9","3",58,3158.952,1,52.32,8,1,245,13209.077
2010,"S","2","10","4",79,3521.246,5,237.252,19,1,379,18155.895
2010,"S","2","11","4",79,4088.249,4,156.072,18,1,357,19140.185
2010,"S","2","12","4",61,3739.79,2,104.64,17,1,325,17372.832
2010,"S","3","1","1",8,288.11,0,0,46,3,1034,37221.104
2010,"S","3","2","1",5,150.362,0,0,8,1,75,1363.258
2010,"S","3","3","1",6,44.994,0,0,49,3,979,35621.129
2010,"S","3","4","2",6,43.39,0,0,47,3,924,31182.62
2010,"S","3","5","2",9,173.68,0,0,7,2,91,2443.779
2010,"S","3","6","2",10,98.861,2,8.688,42,3,883,26574.214
2010,"S","3","7","3",5,67.902,0,0,6,2,80,1603.469
2010,"S","3","8","3",9,95.528,0,0,42,3,905,24102.02
2010,"S","3","9","3",6,209.004,0,0,33,3,849,24961.524
2010,"S","3","10","4",8,194.066,0,0,48,3,932,27758.752
2010,"S","3","11","4",9,151.401,0,0,47,3,946,31575.775
2010,"S","3","12","4",13,313.471,1,135.15,53,3,983,35405.251
2011,"N","1","1","1",52,299.659,3,5.6,11,1,305,2227.231
2011,"N","1","2","1",57,286.084,6,21.62,6,0,57,286.084
2011,"N","1","3","1",53,266.809,2,14.62,20,1,308,2181.024
2011,"N","1","4","2",56,317.157,3,27.923,21,1,317,2056.117
2011,"N","1","5","2",66,442.838,6,41.625,6,0,66,442.838
2011,"N","1","6","2",67,535.17,2,11.586,21,1,347,2735.081
2011,"N","1","7","3",73,561.939,5,20.32,21,1,370,3279.829
2011,"N","1","8","3",81,673.025,4,55.749,20,1,422,3626.654
2011,"N","1","9","3",73,598.666,3,17.525,22,1,415,3551.393
2011,"N","1","10","4",68,600.447,2,12.621,30,1,370,3139.003
2011,"N","1","11","4",63,483.014,2,14.866,21,1,325,2249.852
2011,"N","1","12","4",77,512.683,5,38.732,16,1,301,1921.121
2011,"N","2","1","1",73,3411.777,5,277.959,16,1,352,16866.772
2011,"N","2","2","1",65,3256.908,0,0,17,1,360,18522.1
2011,"N","2","3","1",65,3292.611,4,167.832,18,1,390,20504.922
2011,"N","2","4","2",27,1641.235,1,40.194,11,1,233,13066.456
2011,"N","2","5","2",25,1561.972,3,154.32,12,1,167,9914.819
2011,"N","2","6","2",27,1469.57,0,0,16,2,389,19501.637
2011,"N","2","7","3",34,1588.173,2,65.52,9,1,161,7205.84
2011,"N","2","8","3",39,1702.236,2,166.464,8,1,151,7042.76
2011,"N","2","9","3",25,1581.578,0,0,9,2,383,19463.982
2011,"N","2","10","4",15,694.915,0,0,16,2,437,20720.202
2011,"N","2","11","4",36,1894.986,2,57.584,11,1,187,8009.024
2011,"N","2","12","4",45,2541.012,2,61.248,15,1,254,13129.673
2011,"N","3","1","1",3,26.232,0,0,44,3,1039,35741.137
2011,"N","3","2","1",4,89.436,0,0,8,2,87,1740.276
2011,"N","3","3","1",14,376.512,0,0,5,2,91,2148.174
2011,"N","3","4","2",9,179.671,0,0,41,3,871,27353.65
2011,"N","3","5","2",4,84.12,0,0,7,2,94,2407.628
2011,"N","3","6","2",10,229.723,1,39.68,5,2,108,2146.773
2011,"N","3","7","3",6,128.426,1,3.312,6,2,75,1654.173
2011,"N","3","8","3",7,159.363,0,0,47,3,897,22859.182
2011,"N","3","9","3",6,134.84,0,0,32,3,855,24218.699
2011,"N","3","10","4",4,97.98,0,0,49,3,856,24983.65
2011,"N","3","11","4",6,99.558,0,0,5,2,73,1367.904
2011,"N","3","12","4",8,196.581,0,0,47,3,895,32541.922
2011,"S","2","1","1",52,2828.517,3,333.728,14,1,310,15306.996
2011,"S","2","2","1",41,2080.778,0,0,8,1,200,10408.373
2011,"S","2","3","1",39,1849.494,3,107.202,6,1,156,8192.842
2011,"S","2","4","2",56,2531.626,1,20.736,6,1,219,10008.271
2011,"S","2","5","2",34,2071.536,4,516.096,17,1,198,10869.08
2011,"S","2","6","2",41,1930.96,2,79.712,13,1,221,11522.047
2011,"S","2","7","3",45,1766.336,3,313.56,13,1,221,9935.093
2011,"S","2","8","3",58,2038.916,4,100.065,15,1,246,10917.093
2011,"S","2","9","3",42,2227.746,3,110.976,7,1,230,12295.259
2011,"S","2","10","4",83,3726.029,3,143.82,16,1,330,15863.636
2011,"S","2","11","4",81,3632.08,3,104.76,18,1,336,17169.145
2011,"S","2","12","4",48,2950.6,3,174.72,15,1,281,16191.224
2011,"S","3","1","1",10,190.658,1,63.936,44,3,1039,35741.137
2011,"S","3","2","1",16,335.599,2,30.039,8,1,76,1362.036
2011,"S","3","3","1",12,195.127,1,5.904,5,2,91,2148.174
2011,"S","3","4","2",16,495.886,0,0,41,3,871,27353.65
2011,"S","3","5","2",19,747.022,0,0,7,2,94,2407.628
2011,"S","3","6","2",13,474.273,0,0,5,2,108,2146.773
2011,"S","3","7","3",6,286.245,0,0,6,2,75,1654.173
2011,"S","3","8","3",1,29.88,0,0,47,3,897,22859.182
2011,"S","3","9","3",2,49.398,0,0,32,3,855,24218.699
2011,"S","3","10","4",4,163.14,1,58.32,49,3,856,24983.65
2011,"S","3","11","4",5,165.855,0,0,5,1,66,1213.066
2011,"S","3","12","4",6,94.948,0,0,47,3,895,32541.922
2012,"N","1","1","1",75,570.072,3,17.54,12,1,311,2316.604
2012,"N","1","2","1",66,436.366,2,6.6,16,1,307,1878.058
2012,"N","1","3","1",75,539.252,6,110.429,6,0,75,539.252
2012,"N","1","4","2",70,478.479,5,85.048,18,1,343,2113.067
2012,"N","1","5","2",68,549.871,6,34.221,6,0,68,549.871
2012,"N","1","6","2",78,564.796,5,15.047,19,1,342,2694.752
2012,"N","1","7","3",80,784.975,1,1,18,1,388,3308.534
2012,"N","1","8","3",82,731.482,3,5.396,23,1,420,3649.02
2012,"N","1","9","3",98,843.751,3,47.757,19,1,394,3373.638
2012,"N","1","10","4",81,728.43,10,76.997,10,0,81,728.43
2012,"N","1","11","4",73,479.452,5,84.995,23,1,330,2208.039
2012,"N","1","12","4",63,425.964,1,1,16,1,320,2079.593
2012,"N","2","1","1",50,2137.685,0,0,13,1,312,15299.147
2012,"N","2","2","1",56,3542.563,4,180.504,12,1,338,17562.16
2012,"N","2","3","1",85,4386.844,5,172.478,14,1,349,18601.028
2012,"N","2","4","2",50,2814.683,2,57.56,9,1,186,11535.107
2012,"N","2","5","2",28,1930.668,2,121.584,10,1,148,8807.999
2012,"N","2","6","2",24,1309.743,1,86.328,17,2,368,18824.505
2012,"N","2","7","3",34,1218.208,2,60.36,9,1,139,6293.805
2012,"N","2","8","3",21,1171.728,3,150.59,8,1,134,6343.101
2012,"N","2","9","3",31,1229.998,0,0,9,2,369,18773.796
2012,"N","2","10","4",20,1200.517,0,0,13,2,410,19809.47
2012,"N","2","11","4",38,1606.251,1,39.3,12,1,171,7564.243
2012,"N","2","12","4",35,2402.459,3,129.192,10,1,209,10975.522
2012,"N","3","1","1",1,6,0,0,40,3,975,32757.213
2012,"N","3","2","1",1,100.227,0,0,6,2,91,1810.425
2012,"N","3","3","1",7,220.707,0,0,5,2,90,2155.623
2012,"N","3","4","2",4,95.686,0,0,6,2,100,2289.906
2012,"N","3","5","2",3,15.922,1,5.202,46,3,756,23915.355
2012,"N","3","6","2",8,139.119,1,1.299,6,2,105,2166.255
2012,"N","3","7","3",3,72.57,0,0,6,2,88,1938.731
2012,"N","3","8","3",4,43.64,0,0,54,3,903,23853.533
2012,"N","3","9","3",5,34.159,0,0,31,3,822,23602.575
2012,"S","2","1","1",71,3303.851,2,91.44,12,1,273,13673.668
2012,"S","2","2","1",35,1781.749,1,3.12,7,1,167,9011.934
2012,"S","2","3","1",22,1398.783,0,0,8,1,156,7861.096
2012,"S","2","4","2",46,2026.356,4,304.24,8,1,209,9465.245
2012,"S","2","5","2",41,2155.467,5,311.952,13,1,191,10172.061
2012,"S","2","6","2",37,2194.811,2,78.6,14,1,238,12174.218
2012,"S","2","7","3",32,1892.421,1,239.7,14,1,258,12333.408
2012,"S","2","8","3",46,1966.988,1,52.32,19,1,272,12269.571
2012,"S","2","9","3",54,2748.465,0,0,8,1,232,12174.901
2012,"S","2","10","4",62,3389.605,2,114.36,13,1,315,14990.874
2012,"S","2","11","4",75,3738.582,9,402.592,9,0,75,3738.582
2012,"S","2","12","4",86,4222.456,5,260.48,18,1,274,15773.087
2012,"S","3","1","1",16,193.333,1,4.7,40,3,975,32757.213
2012,"S","3","2","1",22,380.274,3,14.088,6,1,80,1441.809
2012,"S","3","3","1",14,308.829,1,36.363,5,1,60,1225.62
2012,"S","3","4","2",17,455.554,1,81.28,5,1,77,1723.993
2012,"S","3","5","2",20,477.189,1,2.835,46,3,756,23915.355
2012,"S","3","6","2",20,437.204,0,0,6,2,105,2166.255
2012,"S","3","7","3",16,465.304,2,27.285,6,2,88,1938.731
2012,"S","3","8","3",17,360.523,0,0,54,3,903,23853.533
2012,"S","3","9","3",11,261.608,0,0,31,3,822,23602.575
2012,"S","3","10","4",11,287.79,1,1.299,44,3,836,24479.869
2012,"S","3","11","4",15,338.703,1,26.688,57,3,887,27473.14
2012,"S","3","12","4",9,211.138,0,0,46,3,869,30272.196
2013,"N","1","1","1",70,564.511,2,23.556,13,1,318,2359.271
2013,"N","1","2","1",59,376.941,5,81.024,18,1,309,1815.671
2013,"N","1","3","1",73,482.75,4,6.75,12,1,320,2107.849
2013,"N","1","4","2",64,420.154,4,67.469,16,1,325,1946.291
2013,"N","1","5","2",65,549.759,4,22.619,20,1,320,2439.351
2013,"N","1","6","2",67,572.457,3,23.776,18,1,327,2569.022
2013,"N","1","7","3",79,721.27,4,38.544,14,1,393,3307.952
2013,"N","1","8","3",98,839.202,7,86.467,7,0,98,839.202
2013,"N","1","9","3",88,761.361,7,44.457,7,0,88,761.361
2013,"N","1","10","4",76,662.629,7,50.69,7,0,76,662.629
2013,"N","1","11","4",66,447.877,7,28.874,7,0,66,447.877
2013,"N","1","12","4",62,418.996,2,13.86,14,1,329,2221.276
2013,"N","2","1","1",52,2474.509,2,70.464,10,1,260,12268.958
2013,"N","2","2","1",63,3405.861,2,102.84,11,1,285,15258.078
2013,"N","2","3","1",63,3687.861,1,39.12,16,1,314,16914.404
2013,"N","2","4","2",32,2450.792,1,186.15,7,1,158,10012.69
2013,"N","2","5","2",24,1490.478,1,52.32,7,1,107,6519.277
2013,"N","2","6","2",16,1179.773,0,0,18,2,347,17635.346
2013,"N","2","7","3",23,987.921,2,124.622,9,1,137,6134.028
2013,"N","2","8","3",18,733.552,2,93.98,8,1,120,5814.088
2013,"N","2","9","3",24,1050.823,0,0,9,2,336,17186.492
2013,"N","2","10","4",6,422.302,0,0,13,2,348,17248.972
2013,"N","2","11","4",19,599.591,4,116.948,9,1,146,6763.253
2013,"N","2","12","4",28,1389.188,1,8.04,6,1,181,10233.24
2013,"S","2","1","1",75,3385.121,2,102.84,11,1,275,13731.223
2013,"S","2","2","1",45,2072.802,3,94.968,9,1,180,8971.822
2013,"S","2","3","1",35,1349.271,1,39.18,7,1,161,7497.75
2013,"S","2","4","2",35,1396.024,1,39.18,8,1,217,9754.266
2013,"S","2","5","2",31,1553.487,2,74.49,12,1,206,10247.341
2013,"S","2","6","2",50,2161.825,3,113.52,16,1,265,12278.942
2013,"S","2","7","3",59,2704.759,4,197.368,14,1,237,11847.157
2013,"S","2","8","3",47,2576.794,5,177.66,17,1,257,11651.925
2013,"S","2","9","3",38,2316.21,1,14.238,8,1,219,11180.82
2013,"S","2","10","4",47,2413.278,2,63.75,12,1,279,13545.996
2013,"S","2","11","4",51,2719.236,1,51,17,1,286,14037.662
2013,"S","2","12","4",39,2706.997,3,114.624,16,1,240,13621.137
2013,"S","3","1","1",17,282.819,1,0.801,38,3,933,29563.428
2013,"S","3","2","1",17,309.85,1,7.632,7,1,89,1377.029
2013,"S","3","3","1",17,511.925,2,23.88,5,1,63,1277.727
2013,"S","3","4","2",23,538.003,1,3.8,8,1,86,1800.791
2013,"S","3","5","2",18,385.323,1,50.76,42,3,742,21560.84
2013,"S","3","6","2",19,340.462,1,1.992,5,2,108,2154.774
2013,"S","3","7","3",17,301.831,1,1.2,5,2,92,1901.471
2013,"S","3","8","3",18,349.713,3,80.268,51,3,858,22713.888
2013,"S","3","9","3",11,269.02,1,52.905,32,3,784,21839.764
2013,"S","3","10","4",15,216.706,1,5.808,42,3,768,21683.391
2013,"S","3","11","4",19,418.028,1,18.906,55,3,833,24405.584
2013,"S","3","12","4",10,257.109,0,0,37,3,811,27286.452
2014,"N","1","1","1",59,465.838,2,38.78,10,1,266,2059.612
2014,"N","1","2","1",75,435.232,2,12.396,12,1,252,1529.587
2014,"N","1","3","1",64,390.233,0,0,10,1,267,1841.04
2014,"N","1","4","2",82,424.278,2,15.32,13,1,269,1629.134
2014,"N","1","5","2",64,537.472,1,3.36,14,1,254,1996.513
2014,"N","1","6","2",63,569.417,3,18.466,16,1,260,2033.852
2014,"N","1","7","3",92,715.552,4,63.135,9,1,320,2746.013
2014,"N","1","8","3",84,767.013,6,49.54,6,0,84,767.013
2014,"N","1","9","3",69,664.512,4,62.959,17,1,317,2797.482
2014,"N","1","10","4",70,592.537,3,28.774,24,1,294,2494.243
2014,"N","1","11","4",72,406.49,5,5.941,23,1,276,1668.763
2014,"N","1","12","4",68,493.309,4,28.732,9,1,252,1708.593
2014,"N","2","1","1",43,2326.785,1,51,6,1,230,11362.631
2014,"N","2","2","1",65,3094.098,2,90.96,15,1,287,15041.803
2014,"N","2","3","1",57,3290.706,2,103.32,17,1,305,16474.77
2014,"N","2","4","2",25,1718.136,3,160.65,6,1,152,9933.265
2014,"N","2","5","2",21,1143.783,1,170.18,14,2,321,15842.147
2014,"N","2","6","2",8,649.472,1,30.528,16,2,344,17220.423
2014,"N","2","7","3",16,899.81,2,246.24,11,1,138,6096.895
2014,"N","2","8","3",21,1126.587,0,0,7,1,115,5741
2014,"N","2","9","3",17,953.672,0,0,8,2,325,15992.621
2014,"N","2","10","4",13,718.83,0,0,13,2,294,15043.549
2014,"N","2","11","4",24,1372.402,2,173.005,7,1,145,6193.488
2014,"N","2","12","4",30,1684.953,0,0,7,1,180,9861.947
2014,"N","3","1","1",2,12.85,0,0,29,3,815,26707.144
2014,"N","3","2","1",2,78.882,0,0,5,2,93,1397.083
2014,"N","3","3","1",4,115.911,0,0,37,3,781,26151.791
2014,"N","3","4","2",5,139.44,1,60.45,9,2,98,1993.642
2014,"N","3","5","2",5,166.277,0,0,32,3,676,19905.672
2014,"N","3","6","2",3,55.55,0,0,6,2,107,1932.139
2014,"N","3","7","3",4,75.611,0,0,38,3,796,23002.199
2014,"N","3","8","3",5,137.58,0,0,7,2,95,2051.253
2014,"N","3","9","3",2,123.07,0,0,28,3,720,20538.052
2014,"N","3","10","4",5,128.814,0,0,39,3,659,19252.497
2014,"N","3","11","4",1,1.3,0,0,7,2,66,1587.472
2014,"N","3","12","4",2,25.65,0,0,33,3,725,25533.758
2014,"S","2","1","1",33,1941.225,1,75.933,9,1,240,12032.302
2014,"S","2","2","1",28,1425.558,2,103.33,9,1,148,7406.744
2014,"S","2","3","1",29,1423.965,2,78.36,6,1,135,6145.397
2014,"S","2","4","2",37,1957.321,2,65.76,8,1,184,8331.658
2014,"S","2","5","2",47,2369.523,0,0,10,1,227,10313.277
2014,"S","2","6","2",68,3277.069,4,104.574,14,1,278,12735.201
2014,"S","2","7","3",69,3666.498,3,117.168,14,1,233,12208.745
2014,"S","2","8","3",58,2784.099,6,173.112,6,0,58,2784.099
2014,"S","2","9","3",40,1723.528,3,104.64,7,1,215,10459.631
2014,"S","2","10","4",44,1940.716,1,22.23,11,1,230,11581.012
2014,"S","2","11","4",34,1960.133,2,104.64,15,1,239,12216.337
2014,"S","2","12","4",40,2153.244,5,262.726,16,1,228,12723.255
2014,"S","3","1","1",22,467.792,0,0,29,3,815,26707.144
2014,"S","3","2","1",20,265.724,0,0,5,1,90,1217.974
2014,"S","3","3","1",11,164.745,1,2.544,37,3,781,26151.791
2014,"S","3","4","2",15,191.16,3,12.36,8,1,83,1640.761
2014,"S","3","5","2",19,277.642,0,0,32,3,676,19905.672
2014,"S","3","6","2",17,301.12,1,2.5,6,2,107,1932.139
2014,"S","3","7","3",25,433.822,0,0,38,3,796,23002.199
2014,"S","3","8","3",15,414.702,1,4.224,6,1,72,1587.474
2014,"S","3","9","3",15,355.932,2,19.098,28,3,720,20538.052
2014,"S","3","10","4",15,437.151,0,0,39,3,659,19252.497
2014,"S","3","11","4",11,387.733,1,20.592,7,1,64,1541.19
2014,"S","3","12","4",17,343.828,1,10.908,33,3,725,25533.758
2015,"N","1","1","1",62,459.191,3,19.028,7,1,191,1489.54
2015,"N","1","2","1",52,281.048,3,16.474,10,1,186,1093.221
2015,"N","1","3","1",55,428.805,0,0,28,3,660,23651.303
2015,"N","1","4","2",53,306.223,2,12.068,8,1,199,1150.655
2015,"N","1","5","2",57,359.411,3,27.4,8,1,186,1446.642
2015,"N","1","6","2",52,327.182,5,11.74,11,1,182,1469.056
2015,"N","1","7","3",69,524.216,0,0,8,1,240,1961.038
2015,"N","1","8","3",59,604.57,2,36.29,15,1,241,2210.785
2015,"N","1","9","3",62,527.858,3,8.209,14,1,219,1953.731
2015,"N","1","10","4",67,510.647,4,15.68,14,1,213,1765.813
2015,"N","1","11","4",65,334.944,6,74.569,6,0,65,334.944
2015,"N","1","12","4",59,370.324,2,8.324,8,1,189,1282.629
2015,"N","2","1","1",42,1918.202,2,104.64,9,1,235,12199.031
2015,"N","2","2","1",36,1958.648,3,250.656,16,1,291,14287.979
2015,"N","2","3","1",44,2256.382,4,203.075,15,1,264,14794.41
2015,"N","2","4","2",24,1387.844,0,0,5,1,133,8762.865
2015,"N","2","5","2",9,392.376,0,0,12,2,325,15073.377
2015,"N","2","6","2",7,747.846,0,0,18,2,344,16554.776
2015,"N","2","7","3",30,1439.916,1,51.84,9,1,118,5835.899
2015,"N","2","8","3",21,1079.985,1,51.84,21,2,360,17360.034
2015,"N","2","9","3",20,1189.601,1,15.12,10,2,293,14928.201
2015,"N","2","10","4",15,666.412,1,51,14,2,267,12834.975
2015,"N","2","11","4",29,1290.023,0,0,9,1,157,6665.768
2015,"N","2","12","4",43,2215.628,0,0,5,1,198,10182.62
2015,"S","2","1","1",44,2272.509,3,130.68,7,1,195,10583.817
2015,"S","2","2","1",31,1610.935,3,156.96,9,1,138,7193.688
2015,"S","2","3","1",36,1476.237,1,88.83,6,1,143,6305.305
2015,"S","2","4","2",43,1842.939,0,0,8,1,184,8410.448
2015,"S","2","5","2",53,2097.328,1,29.4,9,1,248,10979.735
2015,"S","2","6","2",69,2714.277,5,211.8,16,1,294,13123.926
2015,"S","2","7","3",32,1817.143,3,77.112,14,1,242,12408.434
2015,"S","2","8","3",48,2285.128,1,20.08,17,1,236,10988.253
2015,"S","2","9","3",45,2164.871,1,43.35,8,1,196,9263.943
2015,"S","2","10","4",43,2076.368,4,116.568,11,1,213,10047.867
2015,"S","2","11","4",45,1987.631,2,158.064,6,1,196,10156.43
2015,"S","2","12","4",27,1587.84,0,0,15,1,173,9992.934
2015,"S","3","1","1",9,24.292,1,2.799,26,3,692,25395.688
2015,"S","3","2","1",14,85.582,1,1.2,37,3,687,23541.75
2015,"S","3","3","1",9,97.101,0,0,28,3,660,23651.303
2015,"S","3","4","2",15,120.188,3,18.102,7,1,74,1265.343
2015,"S","3","5","2",21,201.376,0,0,23,3,602,18217.22
2015,"S","3","6","2",18,177.323,1,2.4,5,1,83,1256.886
2015,"S","3","7","3",15,137.662,1,0.9,35,3,708,22176.041
2015,"S","3","8","3",10,137.182,0,0,6,1,67,1448.975
2015,"S","3","9","3",6,29.097,0,0,5,1,80,1714.788
2015,"S","3","10","4",4,8.148,0,0,30,3,568,16545.869
2015,"S","3","11","4",5,41.715,1,0.75,7,1,73,1617.05
2015,"S","3","12","4",9,81.545,0,0,30,3,636,23030.044
2016,"N","2","1","1",43,2505.45,1,3.2,8,1,238,12452.221
2016,"N","2","2","1",67,3040.633,4,243.288,20,1,282,13849.236
2016,"N","2","3","1",56,2852.977,5,212.76,18,1,272,14215.145
2016,"N","2","4","2",21,1561.81,0,0,7,1,130,7789.596
2016,"N","2","5","2",12,571.565,0,0,15,2,359,15884.929
2016,"N","2","6","2",11,598.388,0,0,15,2,339,16086.227
2016,"N","2","7","3",35,1551.04,4,207.76,8,1,111,5489.704
2016,"N","2","8","3",34,1629.148,1,71.904,5,1,137,7358.223
2016,"N","2","9","3",18,1108.896,0,0,12,2,291,15131.971
2016,"N","2","10","4",10,454.476,1,12.36,12,2,267,12465.471
2016,"N","2","11","4",35,1325.221,0,0,7,1,176,8138.811
2016,"N","2","12","4",44,2169.719,3,121.755,8,1,238,11672.74
2016,"N","3","1","1",5,141.713,1,17.43,5,2,78,1448.13
2016,"N","3","3","1",4,33.9,0,0,27,3,590,22238.858
2016,"N","3","4","2",6,117.755,0,0,7,2,86,1490.4
2016,"N","3","5","2",6,285.489,1,83.82,21,3,583,18500.15
2016,"N","3","6","2",6,263.613,1,1.32,6,2,95,1595.501
2016,"N","3","7","3",10,278.138,0,0,28,3,622,21124.457
2016,"N","3","8","3",14,282.559,1,33.405,5,2,88,1800.114
2016,"N","3","9","3",3,31.704,0,0,5,2,100,1868.72
2016,"N","3","11","4",1,44.982,0,0,6,2,81,1599.856
2016,"N","3","12","4",2,19.104,0,0,31,3,620,22894.119
2016,"S","2","1","1",17,1129.596,1,3.198,5,1,152,8653.183
2016,"S","2","2","1",9,515.7,0,0,7,1,110,6199.902
2016,"S","2","3","1",13,497.141,2,93.92,6,1,138,6104.116
2016,"S","2","4","2",23,1109.018,1,16.248,12,1,190,9112.582
2016,"S","2","5","2",55,2137.472,2,78.48,13,1,298,12874.053
2016,"S","2","6","2",54,2387.219,0,0,13,1,302,13799.822
2016,"S","2","7","3",41,2127.924,3,265.032,12,1,243,12525.049
2016,"S","2","8","3",43,1822.419,3,112.68,13,1,235,11131.969
2016,"S","2","9","3",38,1506.557,2,110.001,9,1,197,9177.139
2016,"S","2","10","4",34,1761.045,2,53.88,9,1,213,9752.245
2016,"S","2","11","4",34,1810.755,1,52.32,6,1,188,9150.595
2016,"S","2","12","4",36,2052.718,3,212.544,14,1,169,8734.926
2016,"S","3","1","1",7,123.8,0,0,5,2,78,1448.13
2016,"S","3","2","1",17,176.544,0,0,34,3,598,22059.954
2016,"S","3","3","1",8,237.466,0,0,27,3,590,22238.858
2016,"S","3","4","2",13,335.856,0,0,6,1,66,1013.34
2016,"S","3","5","2",9,257.794,0,0,21,3,583,18500.15
2016,"S","3","6","2",16,217.748,1,21.12,6,2,95,1595.501
2016,"S","3","7","3",15,185.608,0,0,28,3,622,21124.457
2016,"S","3","8","3",12,325.354,2,5.094,5,2,88,1800.114
2016,"S","3","9","3",25,643.359,0,0,5,2,100,1868.72
2016,"S","3","10","4",21,636.096,0,0,21,3,501,15770.215
2016,"S","3","11","4",14,355.011,3,142.512,6,1,78,1547.574
2016,"S","3","12","4",16,301.589,0,0,31,3,620,22894.119
2017,"N","2","1","1",55,2974.085,3,242.34,7,1,195,10125.436
2017,"N","2","2","1",60,2788.739,5,262,18,1,217,10755.138
2017,"N","2","3","1",44,2706.484,3,155.84,16,1,215,10924.439
2017,"N","2","4","2",31,1644.283,1,52.32,14,2,258,13226.721
2017,"N","2","5","2",11,495.44,1,63.25,14,2,291,12371.623
2017,"N","2","6","2",8,255.371,1,47.69,10,2,263,12159.686
2017,"N","2","7","3",14,957.212,0,0,6,1,95,4589.894
2017,"N","2","8","3",30,1802.509,0,0,5,1,116,6231.636
2017,"N","2","9","3",18,1361.266,1,2.76,9,2,234,12454.771
2017,"N","2","10","4",10,525.088,1,74.82,11,2,210,9805.925
2017,"N","2","11","4",50,2078.531,3,117.9,5,1,152,6766.409
2017,"N","2","12","4",53,2723.132,1,8.352,8,1,208,9987.787
2017,"N","3","6","2",1,12.5,0,0,5,2,75,1238.831
2017,"N","3","7","3",3,136.62,1,13.608,19,3,416,15333.164
2017,"N","3","8","3",4,90.087,0,0,18,3,420,16431.908
2017,"N","3","9","3",3,18.927,1,12.852,15,3,379,14372.347
2017,"N","3","10","4",2,2.2,0,0,17,3,354,11952.167
2017,"N","3","11","4",1,6,0,0,5,2,69,1210.823
2017,"S","2","1","1",26,1855.366,0,0,11,2,314,16837.394
2017,"S","2","2","1",25,1568.693,1,28.82,5,1,82,4774.344
2017,"S","2","3","1",30,1558.691,0,0,20,2,324,15604.59
2017,"S","2","4","2",46,2105.146,4,164.28,10,1,153,7155.261
2017,"S","2","5","2",62,2821.925,4,212.05,13,1,251,10504.53
2017,"S","2","6","2",53,2583.536,4,174.792,9,1,234,10522.753
2017,"S","2","7","3",41,2092.11,1,51.2,9,1,174,8858.551
2017,"S","2","8","3",40,1519.813,2,56.432,7,1,177,8347.87
2017,"S","2","9","3",35,1552.777,1,39.18,6,1,157,7453.611
2017,"S","2","10","4",45,1856.46,2,95.904,8,1,169,7811.529
2017,"S","2","11","4",32,1678.675,0,0,9,2,306,13956.871
2017,"S","2","12","4",31,1492.135,4,157.512,9,1,129,6581.682
2017,"S","3","1","1",9,70.034,0,0,5,2,54,967.488
2017,"S","3","2","1",2,50.28,0,0,28,3,408,16760.46
2017,"S","3","3","1",8,88.752,0,0,22,3,425,16853.298
2017,"S","3","4","2",8,80.136,0,0,19,3,377,14692.744
2017,"S","3","5","2",13,123.3,1,1.2,19,3,427,14005.453
2017,"S","3","6","2",13,220.233,1,1.251,5,2,75,1238.831
2017,"S","3","7","3",19,421.378,1,1.4,19,3,416,15333.164
2017,"S","3","8","3",12,222.024,0,0,18,3,420,16431.908
2017,"S","3","9","3",23,417.38,2,35.385,15,3,379,14372.347
2017,"S","3","10","4",26,515.966,1,0.999,17,3,354,11952.167
2017,"S","3","11","4",24,414.563,1,1.2,5,1,67,1159.841
2017,"S","3","12","4",20,543.036,1,0.192,21,3,463,18193.135
2018,"N","2","1","1",55,2727.699,1,50.6,5,1,153,8207.234
2018,"N","2","2","1",54,2967.118,6,436.92,6,0,54,2967.118
2018,"N","2","3","1",71,3108.596,4,156.84,12,1,171,8668.057
2018,"N","2","4","2",29,1477.523,3,96.38,14,2,191,9995.938
2018,"N","2","5","2",8,407.712,0,0,13,2,229,9881.919
2018,"N","2","6","2",3,35.328,0,0,5,2,187,8697.563
2018,"N","2","7","3",16,641.726,1,11.9,5,1,65,3149.978
2018,"N","2","8","3",31,1719.994,3,106.596,10,2,224,11214.393
2018,"N","2","9","3",21,1341.397,1,19.52,7,2,169,9100.299
2018,"N","2","10","4",6,348.42,0,0,6,2,152,7063.145
2018,"N","2","11","4",38,2072.634,2,194.88,5,1,123,5476.386
2018,"N","2","12","4",68,2879.308,4,136.568,8,1,165,7772.159
2018,"N","3","1","1",12,314.157,3,106.278,10,3,273,13589.879
2018,"N","3","2","1",12,330.654,0,0,18,3,275,12824.247
2018,"N","3","3","1",6,236.076,0,0,17,3,281,12594.773
2018,"N","3","4","2",9,219.865,0,0,14,3,242,11035.55
2018,"N","3","5","2",15,172.895,0,0,15,3,287,10954.962
2018,"N","3","6","2",5,27.702,1,9,9,3,244,9759.071
2018,"N","3","7","3",4,50.409,1,16.794,14,3,270,11414.227
2018,"N","3","8","3",5,111.419,0,0,14,3,282,12325.043
2018,"N","3","9","3",8,103.579,0,0,10,3,246,10460.92
2018,"N","3","10","4",5,37.521,0,0,8,3,225,8690.592
2018,"N","3","12","4",2,11.7,1,1.2,19,3,325,13937.798
2018,"S","2","1","1",32,1454.487,0,0,6,2,228,12646.683
2018,"S","2","2","1",17,1079.016,1,51.2,17,2,232,11959.899
2018,"S","2","3","1",30,1148.082,1,6.723,15,2,244,11871.971
2018,"S","2","4","2",41,2098.158,5,133.916,10,1,110,5312.322
2018,"S","2","5","2",81,3447.805,6,295.7,6,0,81,3447.805
2018,"S","2","6","2",58,2837.721,0,0,5,2,187,8697.563
2018,"S","2","7","3",60,2821.374,2,90.96,6,1,142,7041.408
2018,"S","2","8","3",46,2720.51,1,51.84,6,1,129,6062.742
2018,"S","2","9","3",39,2229.406,2,54.72,5,1,112,5288.74
2018,"S","2","10","4",47,2117.656,0,0,6,2,152,7063.145
2018,"S","2","11","4",43,1713.401,1,39.18,7,2,232,10679.217
2018,"S","2","12","4",35,1448.989,2,56.74,9,1,102,4993.842
2018,"S","3","1","1",12,293.492,0,0,10,3,273,13589.879
2018,"S","3","2","1",12,306.87,1,21.504,18,3,275,12824.247
2018,"S","3","3","1",11,126.608,2,19.536,17,3,281,12594.773
2018,"S","3","4","2",15,286,0,0,14,3,242,11035.55
2018,"S","3","5","2",15,233.565,0,0,15,3,287,10954.962
2018,"S","3","6","2",16,319.712,0,0,9,3,244,9759.071
2018,"S","3","7","3",12,150.688,0,0,14,3,270,11414.227
2018,"S","3","8","3",11,79.207,1,1.008,14,3,282,12325.043
2018,"S","3","9","3",15,145.672,0,0,10,3,246,10460.92
2018,"S","3","10","4",19,435.664,1,43.032,8,3,225,8690.592
2018,"S","3","11","4",24,348.552,0,0,11,3,296,11848.325
2018,"S","3","12","4",18,296.368,0,0,19,3,325,13937.798
